Id,MS Zoning,Lot Area,Lot Shape,Neighborhood,Bldg Type,House Style,Mas Vnr Type,Exter Qual,Bsmt Qual,Bsmt Exposure,Total Bsmt SF,Heating QC,Central Air,1st Flr SF,Gr Liv Area,Kitchen AbvGr,Kitchen Qual,Garage Finish,Garage Cars,Garage Area,Paved Drive,has_alley,has_fence,has_fireplace,Total Bsmt Bath,total_baths,on_cds,Overall Goodness
0,2658,RM,9142,Reg,OldTown,2fmCon,2Story,None,2,2,1,1020,3,0,908,1928,2,1,1,1,440,1,1,0,0,0,2,0,48
1,2718,RL,9662,IR1,Sawyer,Duplex,1Story,None,2,4,1,1967,2,1,1967,1967,2,2,3,2,580,1,0,0,0,0,2,0,20
2,2414,RL,17104,IR1,Gilbert,1Fam,2Story,None,3,4,3,654,4,1,664,1496,1,3,2,2,426,1,0,0,1,1,3,0,35
3,1989,RM,8520,Reg,OldTown,1Fam,1Story,None,3,3,1,968,2,1,968,968,1,2,1,2,480,0,0,0,0,0,1,0,30
4,625,RL,9500,IR1,NAmes,1Fam,1Story,BrkFace,2,4,1,1394,3,1,1394,1394,1,2,2,2,514,1,0,0,1,1,2,0,30
5,333,RM,1890,Reg,MeadowV,TwnhsE,2Story,None,2,3,1,546,2,1,546,1092,1,2,1,1,286,1,0,0,0,0,2,0,24
6,1327,RM,8516,Reg,OldTown,1Fam,1Story,None,2,3,1,869,2,1,1093,1093,1,2,1,1,308,1,0,0,0,0,1,0,24
7,858,RL,9286,IR1,CollgCr,1Fam,1Story,None,2,4,3,1268,2,1,1268,1268,1,3,1,1,252,1,0,0,0,0,2,1,35
8,95,FV,3515,Reg,Somerst,TwnhsE,2Story,None,3,4,1,840,4,1,840,1680,1,3,2,2,588,1,1,0,0,0,3,0,35
9,1568,RL,10125,Reg,Mitchel,1Fam,1Story,None,2,3,1,1196,2,1,1279,1279,1,2,1,2,473,1,0,1,1,1,2,0,36
10,2482,RL,7175,Reg,SawyerW,TwnhsE,1Story,None,3,4,1,1217,3,1,1217,1217,1,3,2,2,484,1,0,0,0,0,2,0,30
11,1364,RM,7200,Reg,IDOTRR,1Fam,1Story,None,2,3,1,1040,3,1,1040,1040,1,2,1,2,320,1,0,0,0,0,1,0,42
12,2584,RL,11310,Reg,NAmes,1Fam,1Story,None,2,3,1,1367,4,1,1375,1375,1,2,1,2,451,1,0,0,1,0,1,0,30
13,818,RL,7976,Reg,SawyerW,Duplex,2Story,BrkFace,2,5,1,1168,4,1,1168,2787,2,2,3,4,820,1,0,0,1,2,6,0,35
14,2673,RL,11737,IR1,BrkSide,1Fam,2Story,None,2,3,1,848,2,0,1017,1827,1,2,1,1,240,1,0,1,1,0,1,0,42
15,2089,RL,9060,Reg,Edwards,1Fam,1Story,BrkFace,2,0,0,0,4,1,1340,1340,1,2,2,1,252,1,0,1,1,0,1,0,30
16,1297,RM,10800,Reg,OldTown,2fmCon,1.5Fin,None,2,3,1,884,2,1,884,1436,2,2,1,2,828,1,1,0,1,0,2,0,36
17,790,RL,9571,Reg,Edwards,1Fam,1Story,None,2,3,1,1073,2,1,1073,1073,1,2,1,1,340,1,0,1,0,1,1,0,25
18,2616,RL,10800,Reg,NAmes,1Fam,1Story,BrkFace,2,3,1,1313,2,1,1773,1773,1,2,2,2,418,1,0,0,1,1,2,0,36
19,720,RM,17671,Reg,OldTown,1Fam,2Story,None,3,3,1,916,3,1,916,1742,1,3,1,2,424,0,1,0,1,0,2,0,72
20,222,RL,8246,IR1,Sawyer,1Fam,1Story,None,2,3,2,1060,4,1,1060,1060,1,3,1,1,270,1,0,1,1,1,1,0,40
21,557,RL,8499,IR1,Sawyer,1Fam,1Story,None,2,3,1,864,4,1,864,864,1,2,1,2,732,1,0,0,0,1,1,0,30
22,1148,RL,8012,Reg,SawyerW,TwnhsE,1Story,None,3,4,1,1604,4,1,1617,1617,1,3,2,2,533,1,0,0,1,1,2,0,30
23,2766,RL,21453,IR1,ClearCr,1Fam,SLvl,None,2,3,4,938,4,1,988,988,1,2,1,2,540,1,0,0,1,1,1,1,30
24,534,RL,9605,Reg,SawyerW,1Fam,1Story,None,3,4,1,1218,4,1,1218,1218,1,3,2,2,576,1,0,0,0,0,2,0,42
25,1452,RL,7180,IR1,CollgCr,1Fam,1Story,None,2,3,3,864,2,1,864,864,1,2,1,1,352,1,0,0,0,0,1,0,35
26,630,RL,12513,IR1,NAmes,1Fam,1.5Fin,None,2,3,1,715,3,1,1281,1738,1,2,1,1,368,1,0,0,1,0,2,0,16
27,2648,RM,9000,Reg,OldTown,1Fam,2Story,None,2,2,1,636,2,1,1089,1750,1,4,1,1,240,0,1,1,0,0,1,0,30
28,125,RL,8800,Reg,NAmes,1Fam,SFoyer,BrkFace,2,3,4,936,4,1,1054,1054,1,3,2,2,480,1,0,1,0,1,1,0,42
29,1904,RL,3500,Reg,BrkSide,1Fam,1.5Fin,None,2,3,1,370,2,0,442,670,1,1,0,0,0,0,0,1,0,1,1,0,15
30,1670,RL,7340,IR1,NAmes,1Fam,1Story,None,2,3,1,858,2,1,858,858,1,2,1,1,684,1,0,0,0,0,1,0,24
31,756,RM,6240,Reg,IDOTRR,1Fam,1.5Fin,None,2,3,1,780,2,1,848,1208,1,2,1,2,539,1,1,0,0,0,1,0,20
32,717,RM,11700,IR1,OldTown,1Fam,2Story,None,3,3,1,1240,2,0,1320,2640,1,3,1,4,864,0,1,0,1,0,2,0,49
33,1032,RL,10000,Reg,NWAmes,1Fam,1Story,None,2,4,1,1176,3,1,1178,1178,1,3,1,2,439,1,0,1,1,1,2,0,30
34,852,RL,11166,Reg,CollgCr,1Fam,1Story,BrkFace,3,4,2,1492,4,1,1492,1492,1,3,2,2,608,1,0,0,1,0,2,0,35
35,1731,RL,13204,IR1,Gilbert,1Fam,2Story,Stone,2,4,1,608,4,1,608,1458,1,3,3,2,454,1,0,0,0,0,2,0,35
36,2639,RM,5520,Reg,OldTown,1Fam,1.5Fin,None,2,3,1,1147,2,0,1147,1657,1,1,1,1,162,0,0,0,1,0,1,0,24
37,2071,RL,9000,Reg,Sawyer,1Fam,1Story,None,1,0,0,0,2,0,998,998,1,2,1,2,460,1,0,0,0,0,1,0,28
38,1267,RL,8892,Reg,NAmes,1Fam,1Story,None,3,3,3,105,3,1,910,910,1,3,1,2,414,1,0,1,0,0,1,0,35
39,1851,FV,7321,IR1,Somerst,1Fam,1Story,None,3,4,1,1339,4,1,1358,1358,1,3,1,2,625,1,1,0,0,0,2,0,35
40,567,FV,3951,Reg,Somerst,TwnhsE,2Story,Stone,3,4,3,612,4,1,612,1224,1,3,2,2,528,1,1,0,0,0,3,0,30
41,2439,RL,11214,IR1,Gilbert,1Fam,2Story,None,3,4,1,930,3,1,956,1886,1,3,3,2,431,1,0,0,1,0,3,0,35
42,1898,RL,7388,Reg,NAmes,1Fam,1Story,None,2,3,1,1063,3,1,1327,1327,1,3,1,2,624,1,0,0,0,1,1,0,30
43,647,RL,14559,Reg,NAmes,1Fam,1Story,BrkCmn,3,3,1,1008,4,1,1363,1363,1,2,1,1,288,1,0,0,1,1,1,0,35
44,2256,RL,4054,IR1,Timber,TwnhsE,1Story,BrkFace,3,4,3,1501,4,1,1501,1501,1,3,3,2,512,1,0,0,1,1,2,0,42
45,979,RM,1533,Reg,MeadowV,Twnhs,2Story,None,2,3,1,546,2,1,798,1344,1,2,0,0,0,1,0,0,1,0,2,0,24
46,1444,RL,11250,IR1,CollgCr,1Fam,2Story,BrkFace,3,4,2,920,4,1,920,1786,1,3,2,2,608,1,0,0,1,1,3,0,35
47,2485,RH,7800,Reg,SawyerW,1Fam,1Story,None,2,3,1,828,3,1,965,965,1,2,1,1,300,1,0,1,0,1,1,0,25
48,157,RL,5868,Reg,NAmes,1Fam,1Story,None,2,3,1,936,4,1,936,936,1,2,3,1,308,1,0,0,0,1,1,0,35
49,88,RL,7500,Reg,Sawyer,1Fam,1Story,None,2,3,1,1040,1,1,1040,1040,1,2,3,1,308,1,0,1,0,1,2,0,25
50,2003,RM,9439,Reg,OldTown,1Fam,1.5Fin,None,2,3,1,912,3,1,912,1248,1,2,1,1,160,1,0,0,0,0,1,0,25
51,186,RM,9000,Reg,OldTown,1Fam,2Story,None,3,2,1,346,4,1,1157,2268,1,3,1,2,624,0,1,0,0,0,3,0,72
52,1425,RL,9345,IR1,CollgCr,1Fam,1Story,Stone,3,4,3,1615,4,1,1615,1615,1,3,2,3,864,1,0,0,1,0,2,0,40
53,2695,RM,7200,Reg,IDOTRR,1Fam,1.5Fin,None,2,3,1,803,4,1,803,1360,1,3,1,1,297,1,0,1,0,0,2,0,30
54,738,RM,6000,Reg,BrkSide,1Fam,1.5Fin,BrkFace,2,3,1,468,3,1,822,1142,1,2,3,1,320,1,0,0,0,0,1,0,25
55,395,RL,7930,Reg,NAmes,1Fam,1Story,None,2,3,1,1026,3,1,1026,1026,1,3,2,2,440,1,0,0,0,1,1,0,48
56,1353,RL,9120,Reg,BrkSide,1Fam,1.5Fin,None,2,3,1,1026,4,1,1133,1820,1,2,1,1,240,0,1,1,0,1,2,0,42
57,1878,RL,9503,Reg,NAmes,1Fam,1Story,None,2,3,1,1024,2,1,1344,1344,1,2,1,1,484,1,0,1,1,1,1,0,25
58,390,RL,11050,IR1,NWAmes,1Fam,1Story,None,2,3,1,1176,1,1,1193,1193,1,2,1,2,506,1,0,0,1,0,2,0,35
59,1456,RL,10316,IR1,CollgCr,1Fam,2Story,None,3,4,1,992,4,1,992,1865,1,3,2,3,839,1,0,0,1,1,3,0,35
60,1103,RL,11675,IR1,NoRidge,1Fam,1Story,BrkFace,3,4,3,1982,4,1,2006,2006,1,3,3,3,938,1,0,0,1,1,2,0,40
61,1387,RL,12900,Reg,Sawyer,2fmCon,1Story,None,2,3,1,1300,1,1,1140,1140,1,2,1,2,400,1,0,0,0,1,1,0,20
62,2070,RL,13770,Reg,Sawyer,1Fam,1Story,BrkFace,2,3,2,1158,2,1,1176,1176,1,2,1,1,303,1,0,0,1,1,1,0,30
63,1199,RL,13355,IR1,NWAmes,1Fam,2Story,None,2,4,1,825,2,1,845,1670,1,2,3,2,464,1,0,0,0,0,2,0,42
64,2479,RL,7153,Reg,SawyerW,1Fam,2Story,None,3,4,1,761,4,1,810,1603,1,3,2,2,484,1,0,0,0,0,3,0,30
65,501,RL,10750,IR1,NoRidge,1Fam,1Story,BrkFace,3,4,3,2024,4,1,2063,2063,1,3,3,3,815,1,0,0,1,1,2,1,40
66,2362,RL,8125,IR1,NAmes,1Fam,1Story,None,2,3,1,858,2,1,858,858,1,2,0,0,0,1,0,0,0,0,1,0,16
67,1718,RL,3903,Reg,NridgHt,Twnhs,1Story,Stone,3,4,3,1302,4,1,1302,1302,1,3,2,2,631,1,0,0,1,1,2,0,30
68,2188,RH,4270,Reg,Edwards,1Fam,1Story,None,2,3,1,544,4,1,774,774,1,3,0,0,0,1,0,0,0,0,1,0,18
69,1483,RM,4426,Reg,CollgCr,TwnhsE,1Story,BrkFace,3,4,4,848,4,1,848,848,1,3,2,2,420,1,0,0,1,1,1,0,30
70,2557,RL,5825,IR1,BrkSide,1Fam,1Story,BrkFace,2,2,2,600,3,1,747,747,1,2,1,2,528,1,0,0,0,0,1,0,20
71,437,RL,23303,IR3,NridgHt,1Fam,2Story,Stone,3,5,3,1508,4,1,1508,2520,1,4,3,3,640,1,0,0,1,1,3,1,40
72,2224,RL,25485,IR1,Crawfor,1Fam,1Story,BrkFace,2,3,2,1560,2,1,1560,1560,1,2,2,2,580,1,0,0,1,0,2,1,24
73,1628,RL,10784,IR1,Gilbert,1Fam,SLvl,BrkFace,3,4,1,384,3,1,802,1472,1,3,2,2,402,1,0,0,1,0,3,0,35
74,397,RL,8510,IR1,NAmes,1Fam,1Story,BrkFace,2,4,1,1043,4,1,1050,1050,1,2,1,1,336,1,0,0,0,1,2,0,35
75,587,RL,17871,IR1,NWAmes,1Fam,SLvl,BrkFace,2,4,3,1680,1,1,1724,1724,1,2,2,2,480,1,0,0,1,1,2,1,30
76,971,RL,21750,Reg,Mitchel,1Fam,1Story,BrkFace,2,0,0,0,2,1,1771,1771,1,2,1,2,336,1,0,1,1,0,1,0,20
77,2611,RL,9510,Reg,NAmes,1Fam,1Story,BrkCmn,2,3,1,1135,4,1,1207,1207,1,2,2,1,264,1,0,0,0,0,2,0,30
78,1887,RL,8339,IR1,NAmes,1Fam,1Story,None,2,0,0,0,2,1,882,882,1,2,2,1,294,1,0,1,0,0,1,0,35
79,2399,RL,14828,IR1,NridgHt,1Fam,1Story,BrkFace,4,5,4,1780,4,1,1780,1780,1,4,3,3,816,1,0,0,1,1,2,0,45
80,2148,RL,8749,Reg,CollgCr,1Fam,1Story,BrkFace,3,4,1,1459,4,1,1459,1459,1,3,2,2,527,1,0,0,1,0,2,0,35
81,304,RM,9140,Reg,IDOTRR,1Fam,1.5Fin,None,2,3,2,629,1,1,727,1107,1,2,1,1,625,1,0,1,0,0,1,0,30
82,1997,RM,3600,Reg,OldTown,1Fam,2Story,None,2,3,1,687,3,1,687,1358,1,3,1,1,336,1,1,1,1,0,2,0,35
83,2817,RL,8777,Reg,Edwards,1Fam,2Story,None,2,4,1,676,3,1,760,1436,1,2,1,2,528,1,0,0,0,1,2,0,24
84,1431,RL,12798,IR1,ClearCr,1Fam,2Story,None,2,4,4,616,3,1,616,1688,1,3,2,2,603,1,0,0,0,1,3,0,30
85,427,RL,12704,Reg,NridgHt,1Fam,1Story,BrkFace,4,5,1,2042,4,1,2042,2042,1,4,2,3,1390,1,0,0,1,0,3,0,40
86,263,RL,7480,Reg,CollgCr,1Fam,1Story,None,2,3,3,876,2,1,876,876,1,2,1,2,484,1,0,1,0,1,1,0,30
87,598,RL,16500,Reg,NWAmes,1Fam,SFoyer,BrkFace,2,4,3,1232,1,1,1320,1320,1,2,2,2,495,1,0,0,1,1,2,0,30
88,2895,RL,16669,IR1,Timber,1Fam,1Story,BrkFace,3,4,1,1686,2,1,1707,1707,1,2,2,2,511,1,0,0,1,0,3,0,48
89,687,RL,8064,Reg,NAmes,1Fam,1.5Fin,None,2,3,1,864,2,1,1064,1495,1,2,1,2,576,1,0,0,0,0,1,0,42
90,1822,RL,7758,IR1,Sawyer,1Fam,1Story,None,2,3,1,999,3,1,999,999,1,3,1,1,264,1,0,0,0,1,1,0,35
91,2191,RL,11767,Reg,Edwards,1Fam,2Story,None,2,2,1,560,3,0,796,1346,1,2,1,1,384,1,0,1,0,0,2,0,28
92,179,RM,6900,Reg,OldTown,1Fam,1.5Fin,None,2,4,1,827,3,1,827,1251,1,1,1,1,240,0,0,0,0,0,1,0,42
93,1009,RL,4671,IR1,StoneBr,TwnhsE,1Story,None,3,4,2,1228,3,1,1228,1228,1,3,3,2,472,1,0,0,1,1,2,0,40
94,2010,RM,6125,Reg,BrkSide,1Fam,1.5Fin,None,2,3,1,728,4,1,728,1274,1,2,1,1,224,1,0,0,0,0,2,0,35
95,1991,RM,9863,Reg,OldTown,1Fam,2Story,None,2,3,1,728,2,1,914,1642,1,2,1,1,374,1,1,0,1,1,2,0,36
96,1411,RL,9571,Reg,Edwards,1Fam,1Story,None,2,3,3,1509,2,1,1509,1509,1,3,1,1,322,1,0,1,1,1,1,0,30
97,1721,RL,4590,Reg,NridgHt,Twnhs,1Story,Stone,3,4,2,1554,4,1,1554,1554,1,3,2,2,627,1,0,0,1,0,2,0,40
98,1144,RL,8450,Reg,SawyerW,1Fam,2Story,None,3,4,1,827,4,1,827,1677,1,3,2,2,627,1,0,0,0,1,3,0,30
99,593,RL,8400,Reg,NWAmes,1Fam,2Story,None,3,4,1,810,4,1,810,1665,1,3,3,2,528,1,0,0,0,1,3,0,48
100,575,RL,14694,IR1,Veenker,1Fam,1Story,BrkFace,4,4,4,1694,4,1,1694,1694,1,4,3,2,642,1,0,0,1,1,2,0,72
101,1249,RL,14250,Reg,NAmes,1Fam,1Story,BrkFace,2,3,1,998,2,1,1790,1790,1,2,3,2,540,1,0,0,1,0,2,0,30
102,1604,RL,6951,IR1,Mitchel,1Fam,1Story,None,2,3,1,876,2,1,923,923,1,2,1,1,264,1,0,1,0,1,1,1,25
103,1064,RL,12720,Reg,NridgHt,1Fam,1Story,Stone,4,5,4,2535,4,1,2470,2470,1,4,3,3,789,1,0,0,1,2,2,0,50
104,1923,RL,11988,IR1,NAmes,1Fam,1Story,None,2,3,1,1244,4,1,1244,1244,1,2,1,1,336,1,0,0,1,0,2,0,36
105,1988,RM,3880,Reg,OldTown,1Fam,1Story,None,2,3,1,686,3,1,866,866,1,3,0,0,0,1,0,0,0,0,1,0,45
106,2325,RL,7685,IR1,Gilbert,1Fam,2Story,BrkFace,2,4,1,697,3,1,697,1501,1,3,3,2,420,1,0,0,1,0,3,0,30
107,114,RL,18837,IR1,NWAmes,1Fam,1.5Fin,None,2,4,2,1224,2,1,1287,1891,1,2,2,2,678,1,0,0,1,1,3,0,30
108,2700,RL,11136,Reg,Sawyer,Duplex,1Story,None,2,3,1,1921,2,1,1921,1921,2,2,1,2,576,1,0,0,0,0,2,0,30
109,217,RL,10773,Reg,Sawyer,Duplex,1Story,BrkFace,1,3,1,1832,2,0,1832,1832,2,2,0,0,0,1,0,0,0,2,2,0,12
110,343,RL,10200,Reg,NAmes,1Fam,1Story,BrkFace,2,3,1,1434,2,1,1434,1434,1,2,2,2,528,1,0,0,1,1,2,0,30
111,386,FV,7500,Reg,Somerst,1Fam,2Story,None,3,4,1,1058,4,1,1058,1874,1,3,3,2,588,1,0,0,1,0,3,0,40
112,2005,RM,11800,Reg,OldTown,1Fam,SLvl,None,2,0,0,0,4,1,1382,1382,1,2,2,1,384,1,0,0,1,0,2,0,28
113,2908,RL,17217,Reg,Mitchel,1Fam,1Story,None,2,4,1,1140,4,1,1140,1140,1,2,0,0,0,1,0,0,0,0,1,0,25
114,1814,RL,16196,IR3,SawyerW,1Fam,1Story,None,3,4,4,1482,4,1,1494,1494,1,3,2,2,514,1,0,0,1,1,2,0,35
115,2446,RL,35760,IR1,NoRidge,1Fam,2Story,BrkFace,3,5,4,1930,4,1,1831,3627,1,3,3,3,807,1,0,0,1,1,4,1,50
116,208,RM,7630,Reg,OldTown,2fmCon,2Story,None,2,4,1,360,3,1,1032,1812,2,3,1,2,672,0,0,1,1,0,2,0,45
117,1679,RM,2016,Reg,BrDale,TwnhsE,2Story,BrkFace,2,3,1,630,2,1,630,1302,1,2,1,2,440,1,0,0,0,0,3,0,25
118,822,RL,10816,IR1,CollgCr,1Fam,1Story,Stone,4,5,4,1720,4,1,1720,1720,1,4,2,3,846,1,0,0,1,1,2,0,45
119,6,RL,9978,IR1,Gilbert,1Fam,2Story,BrkFace,2,3,1,926,4,1,926,1604,1,3,3,2,470,1,0,0,1,0,3,0,36
120,1781,RL,12291,IR1,Somerst,1Fam,1Story,BrkFace,4,5,3,1966,4,1,1966,1966,1,4,3,3,1092,1,0,0,1,1,2,0,50
121,2397,RL,11065,IR1,NridgHt,1Fam,2Story,Stone,3,4,2,1085,4,1,1120,1970,1,4,3,3,753,1,0,0,1,0,3,0,40
122,2340,RL,8147,Reg,StoneBr,TwnhsE,1Story,BrkFace,3,5,4,1714,4,1,1714,1714,1,3,3,2,517,1,0,0,1,1,2,0,45
123,1618,RL,13869,IR2,Gilbert,1Fam,2Story,None,2,4,3,794,3,1,794,1470,1,2,3,2,388,1,0,0,0,1,2,0,36
124,2843,RL,6204,Reg,SWISU,1Fam,2.5Fin,None,3,3,1,795,2,0,954,2230,1,2,1,1,440,1,0,0,0,1,1,0,20
125,1061,RL,12151,IR1,NridgHt,1Fam,2Story,BrkFace,3,5,3,1414,4,1,1414,2331,1,4,3,3,1003,1,0,0,1,1,3,0,45
126,2786,RL,9560,IR1,CollgCr,1Fam,1Story,None,2,3,2,864,4,1,864,864,1,2,2,1,288,1,0,0,0,0,1,0,35
127,1935,RL,8923,Reg,NAmes,1Fam,1Story,None,2,3,1,1008,3,1,1008,1008,1,3,1,1,240,1,0,0,0,1,1,0,35
128,1341,RM,5520,IR1,BrkSide,1Fam,1.5Fin,None,2,3,1,565,2,1,565,1216,1,2,2,1,355,1,0,1,1,1,1,0,35
129,521,FV,12606,IR1,Somerst,1Fam,1Story,Stone,3,4,3,1530,4,1,1530,1530,1,3,2,3,984,1,0,0,1,0,2,0,45
130,2136,RL,8660,IR1,CollgCr,1Fam,SLvl,BrkFace,2,4,3,1015,2,1,1025,1025,1,2,1,2,370,1,0,0,1,0,2,0,25
131,996,RL,9042,IR1,Gilbert,1Fam,2Story,None,2,4,4,943,3,1,943,1638,1,2,3,2,472,1,0,0,1,1,3,0,30
132,227,RL,11227,Reg,Sawyer,1Fam,2Story,None,2,3,1,720,4,1,720,1440,1,2,1,2,480,1,0,1,1,0,2,0,25
133,135,RL,11380,IR1,NAmes,1Fam,SFoyer,BrkFace,2,3,4,1080,3,1,1128,1128,1,3,1,1,315,1,0,0,1,1,1,0,48
134,1167,FV,2280,Reg,Somerst,Twnhs,2Story,Stone,2,4,1,744,3,1,757,1549,1,2,1,2,440,1,1,0,0,1,3,0,30
135,294,RL,10452,IR1,Crawfor,1Fam,1.5Fin,BrkFace,3,4,1,1528,4,1,1225,2133,1,2,1,1,312,1,0,0,1,1,2,0,42
136,1776,RL,9910,Reg,Somerst,1Fam,1Story,None,3,4,1,1369,4,1,1369,1369,1,3,1,2,605,1,0,0,0,0,2,0,42
137,540,RL,13072,Reg,SawyerW,1Fam,1Story,None,3,4,1,1114,4,1,1114,1114,1,3,1,2,576,1,0,0,0,0,2,0,35
138,1717,RL,3901,Reg,NridgHt,Twnhs,1Story,Stone,3,4,3,1302,4,1,1302,1302,1,3,2,2,631,1,0,0,1,1,2,0,30
139,2303,RL,11625,IR1,Mitchel,1Fam,1Story,None,2,4,1,816,2,1,816,816,1,2,3,1,264,1,0,1,0,1,1,0,35
140,116,RL,9360,Reg,NWAmes,1Fam,1Story,None,2,3,1,1161,2,1,1381,1381,1,3,2,2,676,1,0,0,1,1,2,0,42
141,127,RL,9717,Reg,NAmes,1Fam,1Story,None,2,3,2,1078,3,1,1078,1078,1,3,1,1,240,1,0,0,0,1,1,0,30
142,1371,RM,10320,Reg,IDOTRR,1Fam,1.5Fin,None,2,3,1,756,4,1,756,1469,1,2,1,1,216,1,1,1,0,0,1,0,42
143,1014,RL,31220,IR1,Gilbert,1Fam,1Story,None,2,3,1,1632,2,1,1474,1474,1,2,1,2,495,1,0,0,1,0,1,0,12
144,1507,RL,8050,Reg,Edwards,1Fam,1.5Fin,None,2,0,0,0,3,1,929,1137,1,2,0,0,0,1,0,0,0,0,2,0,40
145,702,RM,7596,Reg,OldTown,Duplex,2Story,BrkFace,2,3,1,960,3,1,960,1960,2,2,1,2,400,0,1,0,0,0,2,0,25
146,750,RM,8094,Reg,OldTown,1Fam,2Story,None,2,3,1,1048,3,1,1048,1768,1,2,1,2,576,1,1,0,0,0,2,0,36
147,261,RL,10900,IR1,CollgCr,1Fam,2Story,BrkFace,2,4,1,689,4,1,689,1392,1,2,3,1,299,1,0,1,0,0,2,0,42
148,1559,C (all),9000,Reg,IDOTRR,1Fam,2Story,None,2,2,2,592,4,1,432,864,1,1,1,1,216,0,0,0,0,0,2,0,24
149,577,RL,15417,Reg,Veenker,1Fam,1Story,None,3,4,2,1740,2,1,1740,1740,1,3,2,2,540,1,0,0,0,0,2,0,35
150,2812,RL,11645,IR1,CollgCr,1Fam,2Story,None,3,4,1,860,4,1,860,1720,1,3,2,2,565,1,0,0,0,0,3,0,35
151,2080,RL,10512,Reg,Edwards,1Fam,1.5Fin,None,2,3,1,988,4,1,988,1626,1,3,1,1,332,1,0,0,0,0,2,0,36
152,1368,RM,5586,IR1,OldTown,1Fam,1.5Fin,None,2,3,1,901,3,1,1088,1198,1,2,0,0,0,0,0,1,0,0,1,0,42
153,2376,RL,7838,Reg,NAmes,1Fam,SFoyer,None,2,3,3,864,2,1,900,900,1,2,2,1,288,1,0,1,1,1,1,0,25
154,659,RL,9022,Reg,OldTown,1Fam,1Story,None,3,3,1,768,4,1,792,792,1,3,1,1,240,0,0,0,0,0,1,0,40
155,1235,RL,7390,IR1,NAmes,1Fam,1Story,BrkFace,2,3,1,1098,2,1,1098,1098,1,2,1,1,260,1,0,0,0,1,1,0,35
156,332,RM,1900,Reg,MeadowV,TwnhsE,2Story,None,2,3,1,546,4,1,546,1092,1,2,0,0,0,1,0,0,0,0,2,0,16
157,1917,RL,8760,Reg,NAmes,1Fam,1Story,None,2,3,1,936,2,1,936,936,1,3,2,1,315,1,0,0,0,1,1,0,42
158,2094,RL,13125,IR1,SawyerW,1Fam,2Story,None,3,5,2,1104,4,1,912,2127,1,3,2,3,833,1,0,1,1,1,3,0,35
159,1460,RL,9240,Reg,CollgCr,1Fam,2Story,BrkFace,3,4,1,1055,4,1,1055,2263,1,3,3,2,905,1,0,0,1,0,3,0,40
160,1471,RL,13125,Reg,CollgCr,1Fam,1Story,BrkFace,2,4,4,1478,4,1,1493,1493,1,3,3,2,508,1,0,0,1,1,2,0,30
161,1509,RL,11767,Reg,Edwards,1Fam,1.5Fin,None,2,3,1,768,4,1,768,1200,1,2,1,1,240,1,0,0,0,0,1,0,30
162,1922,RL,9250,Reg,NAmes,1Fam,1Story,None,2,3,1,1056,2,1,1056,1056,1,2,1,1,260,1,0,0,0,1,1,0,35
163,433,RL,13693,Reg,NridgHt,1Fam,1Story,Stone,4,5,4,2630,4,1,2674,2674,1,4,3,3,762,1,0,0,1,2,3,0,50
164,460,RL,6472,Reg,NridgHt,TwnhsE,1Story,BrkFace,4,5,1,1451,4,1,1456,1456,1,4,2,2,539,1,0,0,1,0,2,0,45
165,1116,RL,10206,Reg,Somerst,1Fam,1Story,Stone,2,4,1,1563,4,1,1563,1563,1,3,2,3,758,1,0,0,1,0,2,0,40
166,1137,RL,13695,Reg,SawyerW,1Fam,1Story,None,2,4,1,1114,4,1,1114,1114,1,3,1,2,576,1,0,0,0,1,1,0,30
167,53,RL,3203,Reg,Blmngtn,TwnhsE,1Story,BrkFace,3,4,3,1145,4,1,1145,1145,1,3,3,2,437,1,0,0,0,0,2,0,35
168,2354,FV,9512,IR1,Somerst,1Fam,2Story,None,3,4,1,960,4,1,960,2318,1,3,3,2,541,1,0,0,1,1,3,0,35
169,1475,RL,9750,Reg,CollgCr,1Fam,1Story,Stone,3,4,2,1445,4,1,1445,1445,1,3,1,2,470,1,0,0,0,0,2,0,35
170,1761,RL,15623,IR1,NoRidge,1Fam,2Story,None,3,5,3,2396,4,1,2411,4476,1,4,3,3,813,1,0,1,1,1,4,0,50
171,842,RL,8072,Reg,CollgCr,1Fam,1Story,None,2,4,1,990,4,1,990,990,1,2,1,2,480,1,0,0,0,1,1,0,25
172,2739,RL,11679,IR1,Edwards,1Fam,SLvl,Stone,2,3,4,1776,4,1,1560,1560,1,2,3,2,528,1,0,1,1,1,2,0,25
173,2509,FV,2544,Reg,Somerst,Twnhs,2Story,None,3,4,1,600,4,1,520,1223,1,3,2,2,480,1,1,0,0,0,3,0,35
174,1007,RL,10832,IR1,Gilbert,1Fam,2Story,None,3,4,1,712,4,1,1086,1895,1,3,3,2,409,1,0,0,1,0,3,0,35
175,2610,RL,9786,IR1,NAmes,1Fam,1.5Fin,None,2,3,1,912,2,1,1085,1734,1,3,2,2,440,1,0,1,1,0,2,0,42
176,1952,RL,5400,Reg,OldTown,1Fam,1Story,None,2,2,1,691,4,1,691,691,1,4,1,1,216,0,0,0,0,0,1,0,30
177,2719,RL,8235,Reg,Sawyer,Duplex,1Story,BrkFace,2,3,1,1949,2,1,1949,1949,2,2,2,2,586,1,0,0,0,0,2,0,20
178,2921,RM,1894,Reg,MeadowV,TwnhsE,2Story,None,2,3,1,546,2,1,546,1092,1,2,1,1,286,1,0,0,0,0,2,0,20
179,1966,RL,7903,Reg,NAmes,1Fam,1Story,None,2,3,1,1242,3,1,1242,1242,1,2,2,1,324,1,0,0,0,1,2,0,25
180,292,RL,9839,Reg,SWISU,1Fam,1.5Fin,None,2,3,1,894,4,1,894,1666,1,2,0,0,0,0,0,0,1,1,1,0,10
181,1204,RL,9900,Reg,NWAmes,1Fam,2Story,BrkFace,2,3,1,832,3,1,1098,1978,1,2,2,2,486,1,0,1,1,0,3,0,35
182,1829,RL,17542,IR1,Veenker,1Fam,2Story,None,3,3,4,1192,2,1,1516,2167,1,3,2,2,518,1,0,1,1,1,3,0,49
183,2419,RL,9073,IR1,Gilbert,1Fam,2Story,None,3,4,1,738,4,1,738,1492,1,3,3,2,440,1,0,0,0,0,3,0,35
184,391,RL,10140,Reg,NWAmes,1Fam,1Story,BrkFace,2,4,1,1064,2,1,1350,1350,1,2,2,2,478,1,0,1,1,0,2,0,30
185,798,RL,9060,Reg,Edwards,1Fam,1.5Fin,None,2,3,2,560,2,1,698,1258,1,2,1,1,280,0,0,1,0,0,1,0,30
186,481,RL,8965,IR1,Gilbert,1Fam,2Story,None,3,4,1,782,4,1,806,1489,1,3,3,2,400,1,0,0,1,1,3,0,35
187,193,RL,7793,IR1,BrkSide,1Fam,2.5Unf,None,2,4,1,1108,2,0,1160,2068,1,3,1,1,315,1,0,0,1,0,2,0,49
188,555,RL,9750,IR1,Sawyer,1Fam,1Story,None,2,3,1,980,3,1,980,980,1,2,1,2,400,1,0,1,0,1,1,0,25
189,899,RL,10206,Reg,Edwards,1Fam,1Story,None,2,0,0,0,1,0,944,944,1,1,1,2,528,1,0,0,0,0,1,0,9
190,2357,RL,10140,Reg,NWAmes,1Fam,2Story,None,2,4,1,832,2,1,832,1664,1,2,2,2,528,1,0,1,1,0,3,0,35
191,328,RM,2394,Reg,MeadowV,Twnhs,1Story,None,2,4,4,945,4,1,945,945,1,2,2,1,253,1,0,0,1,2,1,0,30
192,1356,RL,10267,Reg,BrkSide,1Fam,1Story,None,2,3,2,816,4,1,838,838,1,1,3,1,275,0,0,1,0,1,1,0,42
193,1154,RL,6360,Reg,Sawyer,1Fam,1Story,None,2,4,1,864,2,1,864,864,1,2,1,1,276,1,0,0,0,0,1,0,25
194,1730,RL,10237,Reg,Gilbert,1Fam,2Story,None,3,4,1,783,4,1,783,1484,1,3,3,2,393,1,0,0,1,0,3,0,30
195,2249,RL,7540,IR1,Mitchel,1Fam,SFoyer,None,2,4,3,888,4,1,912,912,1,2,2,2,470,1,0,1,1,1,1,1,36
196,1119,RL,9428,Reg,Somerst,1Fam,2Story,Stone,3,4,3,955,4,1,955,1874,1,3,3,3,880,1,0,0,1,1,3,0,40
197,2856,RL,10164,Reg,SWISU,1Fam,1.5Fin,None,2,3,3,992,1,1,992,1465,1,2,1,1,240,1,0,0,1,0,2,0,25
198,1394,RL,13825,Reg,Sawyer,1Fam,SLvl,None,2,3,1,533,2,1,1021,1601,1,2,2,1,300,1,0,0,0,1,1,0,30
199,2587,RL,7700,Reg,NAmes,1Fam,SLvl,None,2,4,1,301,4,1,1145,1145,1,2,1,2,684,1,0,1,0,0,1,0,35
200,61,RL,17433,IR2,NoRidge,1Fam,2Story,BrkFace,3,5,1,1629,4,1,1645,2475,1,3,3,3,962,1,0,0,1,0,3,1,40
201,2661,RM,6300,Reg,OldTown,1Fam,2.5Unf,None,2,3,1,1226,4,1,1226,2104,1,2,1,2,432,0,0,0,0,0,2,0,42
202,2711,RL,10366,IR1,Sawyer,1Fam,SLvl,None,2,3,3,912,2,1,934,934,1,2,1,1,336,1,0,1,0,1,1,0,42
203,1147,RL,9291,IR1,SawyerW,1Fam,2Story,BrkFace,3,4,1,832,4,1,832,1710,1,3,2,2,506,1,0,0,0,0,3,0,30
204,757,RM,5775,IR2,OldTown,1Fam,2Story,None,2,3,1,483,4,1,741,1427,1,3,1,1,379,1,0,0,0,0,1,0,42
205,2623,RL,7200,Reg,NAmes,1Fam,1Story,None,2,0,0,0,2,1,1040,1040,1,2,1,2,420,1,0,0,0,0,1,0,20
206,2378,RL,2179,Reg,NPkVill,Twnhs,2Story,None,2,4,1,855,3,1,855,1456,1,2,2,2,460,1,0,0,1,0,3,0,30
207,1413,RL,9360,Reg,Edwards,1Fam,2Story,BrkCmn,3,3,1,621,2,1,621,1269,1,2,1,1,280,1,0,1,0,0,2,0,48
208,1722,RL,6442,IR1,NridgHt,TwnhsE,1Story,Stone,3,4,2,1370,4,1,1370,1370,1,3,2,2,484,1,0,0,1,0,2,0,40
209,1112,RL,14598,IR1,Somerst,1Fam,2Story,Stone,3,4,2,894,4,1,894,1933,1,3,3,3,668,1,0,0,1,0,3,1,30
210,1623,RL,8637,IR1,Gilbert,1Fam,2Story,None,2,4,1,923,3,1,947,1714,1,2,3,2,451,1,0,0,1,1,3,0,30
211,1201,RL,9120,Reg,NWAmes,1Fam,2Story,BrkFace,3,3,1,901,2,1,943,1876,1,3,2,2,540,1,0,0,1,0,3,0,36
212,1513,RL,5142,Reg,Edwards,1Fam,1.5Fin,None,2,3,1,949,2,1,949,1292,1,3,1,1,205,0,0,0,0,0,2,0,28
213,957,RL,215245,IR3,Timber,1Fam,1Story,None,2,4,4,2136,2,1,2036,2036,1,2,2,2,513,1,0,0,1,2,2,0,35
214,1171,FV,4109,IR1,Somerst,TwnhsE,1Story,BrkFace,3,4,3,1557,4,1,1557,1557,1,4,2,2,484,1,0,0,1,1,2,0,45
215,1145,RL,8285,Reg,SawyerW,1Fam,2Story,None,3,4,1,836,3,1,844,1737,1,3,3,2,506,1,0,0,0,1,3,0,35
216,2726,RL,20355,Reg,ClearCr,1Fam,1Story,BrkFace,2,4,3,1865,2,1,1830,1830,1,2,1,2,521,1,0,0,1,1,1,0,42
217,703,RM,3378,Reg,OldTown,1Fam,2Story,None,2,3,1,651,3,1,707,1389,1,2,1,1,240,0,1,0,1,0,2,0,56
218,760,RM,5160,Reg,IDOTRR,1Fam,SFoyer,None,2,4,3,858,2,1,892,892,1,3,0,0,0,0,1,0,0,1,1,0,24
219,1964,RL,7500,Reg,NAmes,1Fam,1Story,None,2,3,1,1040,4,1,1040,1040,1,3,2,1,286,1,0,0,0,1,1,0,35
220,2512,FV,3735,Reg,Somerst,TwnhsE,2Story,BrkFace,3,4,1,691,4,1,713,1452,1,3,1,2,506,1,0,0,0,1,3,0,35
221,159,RL,6979,Reg,OldTown,Duplex,SFoyer,None,2,3,1,1056,3,1,1056,1056,2,2,1,2,576,1,0,1,0,2,0,0,30
222,1281,RL,7056,Reg,NAmes,1Fam,2Story,BrkFace,2,3,1,780,2,1,983,1796,1,2,2,2,483,1,0,0,1,1,2,0,30
223,468,RL,11911,IR2,Gilbert,1Fam,2Story,None,3,4,3,684,4,1,684,1560,1,3,3,2,400,1,0,0,1,0,3,0,30
224,290,RL,7890,Reg,SWISU,1Fam,1Story,None,2,3,1,856,2,1,856,856,1,2,1,2,399,1,0,0,1,1,1,0,36
225,665,RL,10800,Reg,OldTown,1Fam,1Story,None,2,3,1,720,2,0,846,846,1,3,3,2,576,0,1,0,0,0,1,0,35
226,1463,RL,11250,Reg,CollgCr,1Fam,2Story,None,3,4,2,1128,4,1,1149,2290,1,3,1,2,779,1,0,0,1,0,3,0,40
227,1792,RL,9605,Reg,Somerst,1Fam,2Story,None,3,4,1,982,4,1,982,1977,1,3,2,3,574,1,0,0,0,0,3,0,35
228,923,RL,14680,IR1,Crawfor,1Fam,1Story,None,2,3,1,1273,4,1,1273,1273,1,2,1,1,307,1,1,1,0,0,1,0,20
229,500,RL,10208,IR1,NoRidge,1Fam,2Story,BrkFace,3,4,1,1264,4,1,1277,2344,1,3,2,3,889,1,0,0,1,0,3,0,35
230,1408,RL,19550,Reg,Edwards,1Fam,1Story,None,2,3,4,1580,4,1,1518,1518,1,1,0,0,0,1,0,0,1,1,1,0,35
231,331,RM,1491,Reg,MeadowV,TwnhsE,SFoyer,None,2,4,3,630,4,1,630,630,1,2,0,0,0,1,0,0,0,1,1,0,24
232,170,RM,4800,Reg,OldTown,1Fam,1.5Fin,BrkFace,2,3,1,709,2,1,1157,1844,1,2,1,1,240,1,0,0,1,1,1,0,20
233,2192,RL,8172,Reg,Edwards,1Fam,1Story,None,2,3,1,768,2,1,768,768,1,2,1,1,355,1,0,1,1,0,1,0,20
234,2571,RL,25419,Reg,NAmes,1Fam,2Story,None,3,3,1,1360,3,1,1360,3112,1,3,1,2,795,1,0,1,1,2,2,0,32
235,2314,RL,13031,IR2,Gilbert,1Fam,2Story,None,2,4,1,691,3,1,691,1498,1,2,3,2,409,1,0,0,1,0,3,0,30
236,2647,RM,5633,Reg,OldTown,1Fam,1Story,None,2,3,1,844,2,1,844,844,1,2,1,1,216,0,1,0,0,0,1,0,35
237,422,RL,14257,Reg,NridgHt,1Fam,2Story,Stone,4,5,1,1776,4,1,1794,2772,1,4,3,3,754,1,0,0,1,1,4,0,45
238,2457,RL,20896,IR2,Somerst,1Fam,1Story,None,3,5,2,2077,4,1,2097,2097,1,4,3,3,1134,1,0,0,1,1,2,1,40
239,1838,FV,4230,Reg,Somerst,TwnhsE,1Story,None,3,5,1,1352,4,1,1352,1352,1,3,2,2,466,1,1,0,1,0,2,0,35
240,2805,RL,15611,Reg,CollgCr,1Fam,2Story,None,3,4,3,1079,4,1,1079,1919,1,3,2,2,685,1,0,0,1,0,3,0,40
241,1645,RL,10960,IR1,NWAmes,1Fam,1Story,None,2,4,1,1284,2,1,1284,1284,1,2,1,2,480,1,0,0,0,1,2,0,30
242,1711,RL,11999,Reg,NridgHt,1Fam,2Story,BrkFace,3,4,1,1181,4,1,1234,2374,1,4,3,3,656,1,0,0,1,0,3,0,40
243,2825,RL,11060,IR1,Edwards,1Fam,2Story,None,3,5,1,1150,4,1,1164,2314,1,3,3,2,502,1,0,0,1,0,3,0,35
244,322,RL,13214,IR1,Timber,1Fam,1Story,None,4,5,4,2002,4,1,2018,2018,1,4,3,3,746,1,0,0,1,0,2,0,45
245,2103,RL,10235,IR1,CollgCr,1Fam,1Story,Stone,3,4,3,1643,4,1,1651,1651,1,3,2,3,870,1,0,0,1,0,2,0,40
246,342,RL,13008,IR1,NAmes,1Fam,1Story,None,2,2,1,882,2,1,882,882,1,2,1,1,502,1,0,0,0,0,1,0,30
247,600,RL,7436,Reg,NAmes,1Fam,1Story,None,2,3,1,894,3,1,894,894,1,2,1,2,396,1,0,1,1,1,1,0,28
248,488,RL,8123,IR1,Gilbert,1Fam,2Story,BrkFace,2,4,1,982,4,1,1007,1800,1,2,3,2,463,1,0,0,1,0,3,0,30
249,1725,RL,7820,IR1,NridgHt,TwnhsE,1Story,BrkFace,4,5,1,1869,4,1,1869,1869,1,4,2,2,617,1,0,0,1,0,2,0,45
250,2246,RM,5568,IR1,Crawfor,TwnhsE,1Story,Stone,3,4,4,1573,3,1,1625,1625,1,3,3,2,495,1,0,0,1,2,2,0,40
251,2847,RL,8400,Reg,SWISU,1Fam,1.5Fin,None,2,3,1,940,4,1,1192,1595,1,2,1,1,240,1,0,0,1,0,1,0,30
252,806,RL,9828,IR1,SawyerW,1Fam,2Story,None,3,4,1,1128,4,1,1142,2020,1,3,2,2,466,1,0,0,1,0,3,0,40
253,530,FV,9375,Reg,Somerst,1Fam,2Story,None,3,4,1,912,4,1,912,2094,1,3,3,2,615,1,0,0,1,0,3,0,35
254,963,RL,11457,IR1,Timber,1Fam,1Story,None,2,4,2,1392,2,1,1412,1412,1,3,1,2,576,1,0,0,1,1,2,0,30
255,2678,RM,6120,Reg,BrkSide,1Fam,1.5Fin,None,3,3,1,728,4,1,728,1162,1,2,1,1,258,1,0,0,0,1,1,0,15
256,171,RM,8800,Reg,OldTown,1Fam,1.5Fin,None,2,3,1,576,3,1,792,1140,1,2,0,0,0,0,1,0,0,0,1,0,28
257,2401,RL,20431,IR2,NridgHt,1Fam,2Story,BrkFace,4,5,1,1848,4,1,1848,2728,1,4,3,3,706,1,0,0,1,1,3,0,45
258,805,RL,10560,Reg,SawyerW,1Fam,2Story,None,3,4,1,1079,4,1,1079,1879,1,3,2,2,473,1,0,1,1,1,3,0,35
259,2259,RL,19958,Reg,Timber,1Fam,1Story,BrkFace,2,3,1,585,3,1,2279,2279,1,3,2,2,461,1,0,1,1,0,3,0,48
260,1748,RL,11084,IR1,Gilbert,1Fam,SLvl,None,3,4,1,384,4,1,744,1374,1,3,3,2,400,1,0,0,1,1,3,0,35
261,1361,RM,10266,Reg,IDOTRR,1Fam,2Story,None,2,3,1,768,2,1,768,1536,1,2,1,1,308,1,0,0,0,0,2,0,36
262,1677,RM,1890,Reg,BrDale,Twnhs,2Story,BrkFace,2,3,1,672,2,1,672,1218,1,2,1,1,264,1,0,0,0,0,2,0,30
263,1406,RL,10452,IR1,Edwards,1Fam,1Story,Stone,2,3,2,1094,4,1,1094,1094,1,2,2,2,495,1,0,0,1,0,1,0,30
264,2322,RL,23257,IR3,Gilbert,1Fam,2Story,None,3,5,1,868,4,1,887,2021,1,3,2,2,422,1,0,0,1,0,3,1,35
265,688,RL,7570,Reg,NAmes,1Fam,2Story,BrkFace,2,3,1,780,2,1,993,1806,1,2,1,2,483,1,0,0,0,0,2,0,30
266,143,RL,8400,Reg,NAmes,1Fam,1Story,None,2,3,1,1314,2,1,1314,1314,1,2,2,1,294,1,0,0,0,1,1,0,30
267,804,RL,9317,Reg,SawyerW,1Fam,2Story,BrkFace,3,4,1,740,4,1,1006,1775,1,3,1,2,425,1,0,0,1,1,3,0,35
268,1214,RL,9020,Reg,NAmes,1Fam,SLvl,BrkFace,2,3,4,1248,2,1,1350,1350,1,2,2,2,520,1,0,1,0,1,2,0,30
269,2828,RM,3675,Reg,Edwards,TwnhsE,SFoyer,BrkFace,2,4,4,547,3,1,1072,1072,1,2,3,2,525,1,0,0,0,1,1,0,30
270,1999,C (all),7200,Reg,OldTown,2fmCon,2.5Unf,None,2,3,2,1214,4,0,1260,2291,2,2,1,2,506,1,0,0,1,1,2,0,36
271,2467,FV,8125,Reg,Somerst,1Fam,2Story,None,3,4,1,770,4,1,778,1576,1,3,2,2,614,1,0,0,0,0,3,0,35
272,2665,RM,7200,Reg,OldTown,1Fam,2Story,None,2,2,1,596,4,1,998,1762,1,3,1,2,576,0,0,0,0,1,2,0,49
273,1538,RL,14100,IR1,Crawfor,1Fam,1.5Fin,BrkFace,2,3,2,728,4,1,1968,3447,1,3,1,3,1014,1,0,1,1,0,4,0,72
274,398,RL,7038,Reg,NAmes,1Fam,1Story,None,2,3,1,864,2,1,864,864,1,2,1,2,576,1,0,1,0,1,1,0,24
275,2822,RL,16133,Reg,Edwards,1Fam,1Story,None,2,4,2,1176,2,1,1176,1176,1,2,1,1,360,1,0,0,0,1,1,0,20
276,2157,RM,4435,Reg,CollgCr,TwnhsE,1Story,BrkFace,3,4,3,848,4,1,848,848,1,3,3,2,420,1,0,0,0,1,1,0,30
277,1856,RL,16157,IR1,Veenker,1Fam,SLvl,None,2,4,4,1360,4,1,1432,1432,1,3,1,2,588,1,0,0,1,1,2,0,35
278,1269,RL,7200,Reg,NAmes,1Fam,1Story,None,2,0,0,0,3,1,1048,1048,1,2,1,2,420,1,0,0,0,0,1,0,25
279,2570,RL,9000,Reg,NAmes,1Fam,1Story,None,2,3,1,936,2,1,1128,1128,1,2,1,1,286,1,0,1,0,0,1,0,25
280,2320,RL,10463,IR1,Gilbert,1Fam,2Story,None,3,4,1,893,4,1,901,1801,1,3,3,3,800,1,0,0,1,0,3,1,40
281,1517,RH,12155,IR1,SWISU,1Fam,2Story,None,2,3,1,672,2,0,810,1482,1,1,1,1,400,0,0,0,0,0,2,0,48
282,2304,RL,10712,Reg,Mitchel,1Fam,1Story,None,2,4,2,974,2,1,974,974,1,2,0,0,0,1,0,1,0,0,1,0,25
283,1312,RM,9143,Reg,OldTown,1Fam,1.5Fin,None,2,3,1,346,4,1,709,1017,1,2,1,1,308,0,1,0,0,0,1,0,35
284,2012,RM,6000,Reg,BrkSide,1Fam,1.5Fin,None,2,3,1,735,4,1,869,1218,1,2,1,2,440,1,0,0,1,1,1,0,36
285,506,RL,29959,IR2,NoRidge,1Fam,2Story,None,3,4,1,973,4,1,979,1850,1,3,3,2,467,1,0,0,1,0,3,0,42
286,2865,RL,16560,IR1,Crawfor,1Fam,2Story,None,2,4,1,952,2,1,1170,2345,1,2,1,2,360,1,0,0,1,0,3,0,48
287,2367,RM,1953,Reg,BrDale,Twnhs,2Story,BrkFace,2,3,1,483,2,1,483,987,1,2,1,1,264,1,0,0,0,0,2,0,30
288,554,RH,9000,Reg,SawyerW,1Fam,1.5Unf,None,2,2,1,784,2,0,784,784,1,2,1,2,360,0,0,0,0,0,1,0,18
289,238,RL,9571,Reg,Edwards,1Fam,1Story,None,2,3,3,1144,2,1,1144,1144,1,2,1,1,596,1,0,0,0,1,1,0,30
290,1954,RL,8700,IR1,NAmes,1Fam,1Story,BrkFace,2,3,1,920,3,1,888,888,1,2,1,1,240,1,0,0,0,1,1,0,35
291,2488,RM,8927,Reg,Sawyer,Duplex,1.5Fin,None,2,0,0,0,2,1,1286,1654,2,2,2,2,528,1,0,0,0,0,2,0,36
292,2291,RM,1890,Reg,MeadowV,Twnhs,2Story,None,2,3,1,546,4,1,546,1092,1,2,1,1,286,1,0,1,0,0,2,0,12
293,1969,RL,7000,Reg,NAmes,1Fam,1Story,None,2,0,0,0,3,1,925,925,1,2,3,1,300,1,0,0,0,0,1,0,30
294,2725,RL,14175,Reg,Sawyer,1Fam,1Story,None,2,3,1,1188,3,1,1437,1437,1,2,1,2,576,1,0,0,1,1,2,0,30
295,1482,RM,4426,Reg,CollgCr,TwnhsE,1Story,BrkFace,3,4,3,848,4,1,848,848,1,3,2,2,420,1,0,0,1,1,1,0,30
296,2763,RL,9316,IR1,CollgCr,1Fam,2Story,BrkFace,3,4,3,784,4,1,784,1596,1,3,2,2,610,1,0,0,0,0,3,0,35
297,503,RL,9085,Reg,NoRidge,1Fam,2Story,BrkFace,3,4,1,1070,4,1,1094,2061,1,3,3,2,647,1,0,0,1,1,3,0,35
298,1584,RL,11202,IR1,Timber,1Fam,1Story,BrkFace,3,5,3,1432,4,1,1440,1440,1,3,3,2,467,1,0,0,1,1,2,0,40
299,1531,RL,9650,IR1,Crawfor,1Fam,2Story,None,2,3,1,784,2,1,819,1603,1,2,1,2,599,1,0,0,1,0,1,0,18
300,2210,RH,7136,IR1,Crawfor,Duplex,2Story,BrkFace,2,4,1,979,2,0,979,1958,2,2,1,2,492,1,0,0,0,0,2,0,36
301,459,RL,7390,IR1,NridgHt,TwnhsE,1Story,BrkFace,4,5,1,1884,4,1,1884,1884,1,4,3,2,649,1,0,0,1,1,2,0,45
302,556,RL,7064,Reg,Sawyer,1Fam,1Story,BrkFace,2,3,1,980,2,1,980,980,1,2,1,2,484,1,0,0,0,0,1,0,30
303,1347,RM,6120,Reg,OldTown,1Fam,2Story,None,2,3,1,1100,2,1,1226,1902,1,2,1,2,576,1,0,0,0,0,2,0,25
304,1290,RM,4800,Reg,OldTown,1Fam,1Story,None,2,2,1,672,2,1,672,672,1,2,1,1,256,1,0,1,0,0,1,0,20
305,1388,RL,9000,Reg,Sawyer,1Fam,1Story,None,2,3,1,1006,2,1,1006,1006,1,2,0,0,0,1,0,0,0,0,1,0,15
306,1571,RL,164660,IR1,Timber,2fmCon,1.5Fin,None,2,3,4,1499,4,1,1619,1786,1,2,3,2,529,1,0,0,1,2,2,0,30
307,2754,RL,6762,Reg,CollgCr,1Fam,1Story,None,3,4,3,1286,4,1,1294,1294,1,3,2,2,662,1,0,0,1,0,2,0,35
308,765,RL,10547,IR1,Edwards,Duplex,SFoyer,None,2,4,4,1152,2,1,1152,1152,2,2,1,1,252,0,0,0,0,2,2,0,25
309,2494,RL,13052,IR1,Sawyer,1Fam,1Story,None,2,3,1,1024,2,1,1024,1024,1,2,1,1,308,1,0,1,0,0,2,1,30
310,2870,RL,15600,Reg,Crawfor,1Fam,2Story,BrkFace,2,4,1,1168,3,1,1278,2315,1,2,3,1,342,1,0,0,1,1,2,0,35
311,7,RL,4920,Reg,StoneBr,TwnhsE,1Story,None,3,4,2,1338,4,1,1338,1338,1,3,3,2,582,1,0,0,0,1,2,0,40
312,1114,RL,13253,IR1,Somerst,1Fam,1Story,BrkFace,3,5,1,1578,3,1,1578,1578,1,3,1,3,642,1,0,0,1,1,2,0,35
313,2418,RL,11631,IR1,Gilbert,1Fam,2Story,BrkFace,3,4,3,1052,4,1,1052,2373,1,3,3,3,632,1,0,0,1,0,3,0,40
314,291,RH,7200,Reg,SWISU,Duplex,2Story,None,2,0,0,0,2,1,862,2650,2,2,0,0,0,1,1,0,0,0,3,0,24
315,18,RL,11394,Reg,StoneBr,1Fam,1Story,Stone,3,5,3,1856,4,1,1856,1856,1,4,3,3,834,1,0,0,1,1,2,0,18
316,39,RL,10159,IR1,NridgHt,1Fam,1Story,Stone,4,5,3,1930,4,1,1940,1940,1,4,3,3,606,1,0,0,1,1,3,0,45
317,1001,RL,6264,IR1,StoneBr,1Fam,1Story,None,3,5,2,1664,4,1,1682,1682,1,3,3,2,528,1,0,0,1,1,2,0,40
318,2442,RL,8738,IR1,Gilbert,1Fam,2Story,BrkFace,3,4,1,975,4,1,1005,2291,1,3,3,2,429,1,0,0,1,0,3,0,35
319,616,RL,7015,IR1,BrkSide,1Fam,1.5Fin,BrkCmn,2,3,1,709,2,1,979,1203,1,3,1,1,352,1,0,0,1,1,1,0,20
320,2680,RM,6240,Reg,BrkSide,1Fam,1.5Fin,None,2,0,0,0,3,0,672,912,1,2,0,0,0,0,0,0,0,0,1,0,20
321,1414,RL,8405,Reg,Edwards,1Fam,1.5Fin,None,2,3,1,861,4,1,961,1367,1,2,1,1,384,1,1,1,0,1,1,0,40
322,289,RL,5000,Reg,SWISU,1Fam,1.5Fin,None,2,3,1,1026,2,1,1026,1691,1,3,1,1,308,1,1,0,1,0,2,0,30
323,40,RL,12883,IR1,NridgHt,1Fam,1Story,Stone,3,4,1,1544,4,1,1544,1544,1,3,2,3,868,1,0,0,0,0,2,0,40
324,860,RL,7200,Reg,CollgCr,1Fam,1Story,None,2,3,3,894,2,1,894,894,1,2,2,2,600,1,0,0,0,0,1,0,25
325,409,RL,4928,IR1,NPkVill,TwnhsE,1Story,None,2,4,1,958,2,1,958,958,1,2,2,2,440,1,0,0,0,0,2,0,36
326,673,RL,8712,IR1,NAmes,1Fam,1Story,None,2,3,2,992,2,1,1306,1306,1,2,1,1,756,1,0,0,0,1,1,0,35
327,2427,RL,3010,Reg,Blmngtn,TwnhsE,1Story,BrkFace,3,4,4,1142,4,1,1142,1142,1,3,3,2,440,1,0,0,0,0,2,0,35
328,2036,RM,9780,Reg,IDOTRR,1Fam,2Story,None,2,3,1,976,4,1,976,1952,1,3,3,1,299,1,1,0,1,0,2,0,63
329,2564,RL,9462,Reg,NAmes,1Fam,2Story,None,2,3,1,704,3,1,1024,1728,1,2,1,1,234,1,0,1,1,0,2,0,30
330,642,RL,9482,Reg,NAmes,Duplex,1Story,BrkFace,2,3,1,1866,4,1,1866,1866,2,2,1,2,495,1,0,0,0,0,2,0,20
331,1008,RL,14067,Reg,Gilbert,1Fam,2Story,BrkFace,2,4,1,836,3,1,851,1709,1,3,3,2,416,1,0,1,0,1,3,0,30
332,1908,RL,11345,Reg,NAmes,Duplex,2Story,Stone,2,3,1,928,3,1,928,1920,2,2,1,2,400,1,0,0,0,0,2,0,25
333,2519,RL,3760,IR1,Greens,Twnhs,1Story,None,3,4,4,1235,3,1,1235,1235,1,2,3,2,484,1,0,0,1,1,1,1,40
334,1369,RM,10320,Reg,IDOTRR,1Fam,1Story,None,2,2,1,451,2,1,759,759,1,2,1,2,576,0,0,0,0,0,1,0,40
335,2855,RL,7588,Reg,Crawfor,1Fam,2Story,None,2,2,1,793,3,1,901,1802,1,2,1,1,216,1,0,0,1,0,2,0,42
336,712,RM,8520,Reg,OldTown,1Fam,1Story,None,3,2,1,624,2,1,792,792,1,2,1,1,287,1,0,1,0,0,1,0,40
337,1943,RL,14190,Reg,OldTown,1Fam,1.5Fin,None,3,2,1,925,3,1,1000,1544,1,2,0,0,0,0,0,0,0,0,2,0,28
338,1958,RL,11664,Reg,NAmes,1Fam,1Story,BrkFace,2,3,1,1082,2,1,1082,1082,1,2,1,1,240,1,0,0,1,0,1,0,30
339,107,RL,4420,IR1,Greens,TwnhsE,1Story,None,3,4,4,728,2,1,788,788,1,3,3,2,484,1,0,0,1,1,1,1,40
340,2295,RL,33983,IR1,Mitchel,1Fam,1Story,None,2,3,2,1160,2,1,1676,1676,1,3,2,2,672,0,0,1,1,1,2,0,30
341,704,RM,10134,Reg,OldTown,1Fam,1.5Fin,None,2,2,1,801,3,0,801,1447,1,2,0,0,0,0,1,0,0,0,1,0,25
342,676,RL,12144,Reg,NAmes,1Fam,1Story,None,3,3,1,832,3,1,1036,1268,1,2,1,1,288,1,0,0,1,0,1,0,35
343,259,RL,8750,Reg,CollgCr,1Fam,2Story,BrkFace,2,4,1,804,4,1,804,1682,1,3,2,2,523,1,0,0,0,0,3,0,30
344,93,RL,11134,Reg,NoRidge,1Fam,2Story,BrkFace,3,4,1,1390,4,1,1402,2225,1,3,2,3,713,1,0,0,1,1,3,0,40
345,106,FV,7379,IR1,Somerst,1Fam,2Story,None,3,4,1,975,4,1,975,1848,1,3,2,2,592,1,0,0,1,1,3,0,40
346,2315,RL,9783,IR1,Gilbert,1Fam,2Story,None,2,4,1,821,3,1,821,1776,1,2,3,2,443,1,0,0,1,0,3,0,30
347,1050,RL,9477,Reg,NAmes,1Fam,1Story,BrkFace,2,3,1,864,2,1,892,892,1,2,2,1,264,1,0,1,0,0,1,0,25
348,1095,RL,15384,IR1,Gilbert,1Fam,2Story,None,3,4,3,788,4,1,788,1490,1,3,3,2,388,1,0,0,1,1,3,0,35
349,2709,RL,11327,IR1,Sawyer,1Fam,1Story,BrkFace,2,3,3,1064,2,1,1064,1064,1,2,1,2,528,1,0,0,1,1,1,0,30
350,758,RM,5852,IR3,OldTown,2fmCon,2.5Unf,Stone,2,3,1,1020,2,0,978,1864,1,2,0,0,0,0,0,0,0,0,3,0,35
351,1496,RL,7200,Reg,Edwards,1Fam,2Story,None,2,3,3,684,2,1,684,1398,1,2,3,2,440,1,0,1,1,0,2,0,42
352,2370,RM,1680,Reg,BrDale,Twnhs,2Story,BrkFace,2,3,1,672,3,1,672,1218,1,2,1,1,264,1,0,0,0,1,2,0,42
353,2458,RL,10182,IR1,Somerst,1Fam,1Story,Stone,3,5,2,1660,4,1,1660,1660,1,3,2,2,500,1,0,0,1,1,2,1,40
354,2733,RL,9375,Reg,Edwards,1Fam,1Story,None,2,3,1,967,4,1,1350,1350,1,2,2,2,504,1,0,0,1,0,2,0,20
355,161,RL,11275,Reg,NAmes,1Fam,SLvl,BrkFace,3,4,1,710,4,1,1898,2978,1,3,3,2,564,1,0,0,1,0,3,0,49
356,726,RM,9720,Reg,OldTown,1Fam,2Story,None,2,3,1,741,4,1,780,1521,1,3,1,3,640,1,1,1,0,0,1,0,42
357,845,RL,9017,IR1,CollgCr,1Fam,1Story,None,3,4,3,1431,4,1,1431,1431,1,3,3,2,666,1,0,0,0,1,2,0,35
358,947,RL,10125,Reg,Mitchel,1Fam,2Story,None,3,4,1,1107,4,1,1040,2052,1,3,3,3,642,1,0,0,1,0,3,0,40
359,2232,RM,8500,Reg,IDOTRR,1Fam,1.5Fin,None,2,3,1,793,2,0,997,1517,1,1,0,0,0,0,0,0,0,0,2,0,35
360,2563,RL,9490,Reg,NAmes,1Fam,1.5Fin,None,2,3,1,806,2,1,958,1578,1,1,1,1,240,1,0,1,1,1,1,0,42
361,2299,RL,27697,Reg,Mitchel,1Fam,1Story,CBlock,2,3,1,1396,2,0,1608,1608,1,2,1,1,444,1,0,0,0,0,1,0,12
362,211,RL,10632,IR1,ClearCr,1Fam,1.5Fin,None,2,4,1,689,3,0,725,1224,1,0,1,1,180,0,0,0,0,0,2,0,15
363,605,RL,11475,Reg,NAmes,Duplex,1Story,BrkFace,2,3,1,1584,2,1,1776,1776,2,2,1,3,888,1,0,0,0,1,2,0,25
364,1478,RL,11049,Reg,CollgCr,1Fam,1Story,None,3,5,3,1234,4,1,1234,1234,1,3,2,2,484,1,0,0,0,0,2,0,40
365,2247,RM,4750,IR1,Crawfor,TwnhsE,1Story,Stone,3,4,4,1573,4,1,1625,1625,1,3,3,2,538,1,0,0,1,2,2,0,40
366,2274,RL,35133,Reg,Timber,1Fam,1Story,BrkFace,2,3,4,1572,3,1,1572,1572,1,2,2,3,995,1,0,0,1,1,2,0,20
367,2869,RL,12984,Reg,Crawfor,1Fam,1Story,BrkFace,2,4,2,1430,4,1,1647,1647,1,3,3,2,621,1,0,0,1,1,2,0,30
368,967,RL,9157,IR1,Timber,1Fam,2Story,None,3,4,1,912,4,1,1072,2014,1,3,3,2,486,1,0,0,0,0,3,0,35
369,2656,RM,5820,Reg,OldTown,1Fam,1Story,None,2,3,1,1162,4,1,1163,1163,1,2,1,1,220,1,0,0,0,1,1,0,24
370,667,RL,9671,Reg,NAmes,Duplex,2Story,Stone,2,3,1,1248,2,1,1248,2544,2,2,2,3,907,1,0,0,0,0,4,0,30
371,1042,RM,1890,Reg,BrDale,Twnhs,2Story,BrkFace,2,3,1,483,3,1,483,987,1,2,1,1,352,1,0,0,0,0,2,0,36
372,2023,RL,13515,Reg,BrkSide,1Fam,2Story,None,2,3,1,764,4,1,1060,1824,1,2,1,2,520,0,1,1,1,0,1,0,36
373,2447,RL,9233,IR1,NoRidge,1Fam,2Story,BrkFace,3,5,3,1540,4,1,1540,2855,1,4,2,3,774,1,0,0,1,1,3,0,45
374,2055,RL,8400,Reg,Sawyer,1Fam,SFoyer,None,2,3,4,814,3,1,913,913,1,2,1,1,240,1,0,0,0,1,1,0,30
375,2275,RL,15306,IR1,Timber,1Fam,1Story,Stone,3,5,4,1732,4,1,1776,1776,1,3,3,3,712,1,0,0,1,1,2,0,40
376,2204,RL,7642,Reg,Crawfor,1Fam,1.5Fin,None,3,3,1,912,3,1,912,1426,1,3,1,1,216,1,0,1,1,0,2,0,56
377,1563,RM,3842,IR1,Crawfor,TwnhsE,1Story,Stone,3,5,4,1594,4,1,1646,1646,1,3,3,2,482,1,0,0,1,2,2,0,40
378,483,RL,5063,Reg,NridgHt,Twnhs,1Story,Stone,3,4,1,1314,4,1,1314,1314,1,3,2,2,626,1,0,0,1,1,2,0,35
379,796,RL,4235,Reg,Edwards,TwnhsE,1Story,BrkFace,3,4,2,1049,2,1,1049,1049,1,3,3,1,266,1,0,0,0,1,2,0,25
380,1526,RL,15576,Reg,Crawfor,1Fam,2Story,None,2,4,1,840,4,1,840,1680,1,2,1,1,308,1,0,0,0,0,2,0,42
381,2042,RM,10120,IR1,OldTown,2fmCon,2.5Unf,None,1,3,1,925,2,0,964,1889,2,2,1,1,308,0,0,1,1,0,2,0,28
382,442,RL,13514,IR1,NridgHt,1Fam,1Story,None,4,5,1,1774,4,1,1808,1808,1,4,3,3,850,1,0,0,1,1,2,0,45
383,1693,RL,13440,Reg,NridgHt,1Fam,2Story,BrkFace,3,5,1,1108,4,1,1148,2550,1,4,3,3,670,1,0,0,1,0,3,0,40
384,1468,RL,8750,Reg,CollgCr,1Fam,2Story,None,3,4,1,915,4,1,933,1908,1,3,1,2,493,1,0,0,1,1,3,0,35
385,1430,RL,11500,IR1,ClearCr,1Fam,1Story,None,2,4,4,1182,4,1,1643,1643,1,2,1,2,438,1,0,0,1,1,2,1,36
386,2605,RL,10800,Reg,OldTown,2fmCon,1.5Fin,None,2,3,1,954,2,0,1766,2414,2,2,1,2,520,0,0,0,1,0,2,0,20
387,1529,RL,7609,Reg,Crawfor,1Fam,2Story,None,3,2,1,798,4,1,798,1512,1,3,1,1,180,0,0,1,1,1,2,0,72
388,335,RL,26142,IR1,Mitchel,1Fam,1Story,BrkFace,2,3,1,1188,2,1,1188,1188,1,2,1,1,312,0,0,0,0,0,1,1,35
389,1287,RM,9184,Reg,OldTown,1Fam,1.5Fin,None,2,3,1,780,4,1,948,1323,1,2,1,2,400,1,1,0,0,0,1,0,35
390,31,RM,1680,Reg,BrDale,Twnhs,2Story,BrkFace,2,3,1,525,2,1,525,1092,1,2,1,1,320,1,0,0,0,0,2,0,25
391,1785,RL,9416,Reg,Somerst,1Fam,1Story,Stone,4,5,1,1726,4,1,1726,1726,1,4,3,3,786,1,0,0,1,1,2,0,35
392,82,RL,8400,Reg,SawyerW,1Fam,2Story,BrkFace,2,4,1,650,2,1,888,1564,1,2,1,2,476,1,0,1,1,0,3,0,36
393,2620,RL,12144,Reg,NAmes,1Fam,1.5Fin,None,2,3,1,910,3,1,910,1521,1,3,1,1,597,1,0,0,0,0,2,0,24
394,252,RL,10402,IR1,CollgCr,1Fam,1Story,None,2,4,1,1226,4,1,1226,1226,1,3,2,3,740,1,0,0,0,0,2,0,35
395,721,C (all),3300,Reg,OldTown,1Fam,1Story,None,2,3,1,624,4,1,816,816,1,2,0,0,0,0,0,0,1,0,1,0,12
396,2165,RL,8334,Reg,CollgCr,1Fam,1Story,None,3,4,1,1330,4,1,1330,1330,1,3,3,2,437,1,0,0,1,0,2,0,30
397,2316,RL,11207,IR1,Gilbert,1Fam,2Story,None,2,4,3,802,3,1,802,1511,1,2,3,2,413,1,0,0,1,1,3,0,30
398,775,RL,7252,IR1,Sawyer,1Fam,SFoyer,None,2,4,3,858,2,1,858,858,1,2,1,2,576,1,0,0,0,1,1,1,25
399,1558,C (all),18000,Reg,IDOTRR,1Fam,1Story,None,1,3,1,894,2,1,894,894,1,2,2,3,1248,1,0,0,0,0,1,0,12
400,17,RL,12134,IR1,Gilbert,1Fam,1.5Fin,None,3,4,3,559,3,1,1080,1752,1,2,2,2,492,1,0,0,0,0,2,0,56
401,1022,RL,14450,Reg,NWAmes,1Fam,1Story,BrkFace,3,4,1,1782,2,1,1782,1782,1,3,3,2,551,1,0,0,1,1,2,0,35
402,925,RL,7681,IR1,Crawfor,1Fam,1.5Fin,None,2,3,1,731,4,1,820,1343,1,2,1,1,186,1,0,0,1,0,2,0,30
403,438,RL,11146,IR1,NridgHt,1Fam,1Story,Stone,3,5,3,1709,4,1,1717,1717,1,3,2,3,908,1,0,0,1,0,2,0,40
404,1270,RL,7910,Reg,NAmes,1Fam,SLvl,None,2,3,1,1075,3,1,1507,1507,1,2,1,1,404,1,0,1,0,0,2,0,25
405,1272,RL,8000,Reg,NAmes,1Fam,1Story,None,2,3,1,1027,2,1,1027,1027,1,2,1,1,299,1,0,0,0,1,1,0,25
406,215,RH,6048,Reg,SWISU,2fmCon,1.5Fin,None,2,3,2,856,3,1,936,1680,2,2,1,2,450,0,0,0,1,1,2,0,35
407,266,RL,9548,IR1,CollgCr,1Fam,2Story,BrkFace,3,4,1,941,4,1,941,1829,1,3,2,2,613,1,0,0,1,1,3,1,42
408,2402,RL,10927,Reg,NridgHt,1Fam,2Story,BrkFace,3,4,3,1058,4,1,1058,1904,1,4,3,2,736,1,0,0,1,1,3,0,40
409,1250,RL,7350,Reg,NAmes,1Fam,1Story,None,2,3,2,952,2,1,952,952,1,2,1,2,840,1,0,0,0,1,1,0,35
410,1984,RM,5925,Reg,OldTown,1Fam,1Story,BrkCmn,2,2,1,907,2,1,1131,1131,1,2,1,2,672,1,0,1,0,0,1,0,28
411,1279,RL,7200,Reg,NAmes,1Fam,1.5Fin,None,2,3,2,768,3,1,1024,1588,1,2,1,2,480,1,0,0,0,0,2,0,30
412,377,RL,12388,IR1,NWAmes,1Fam,2Story,BrkFace,2,4,1,1043,2,1,1539,2673,1,3,2,2,441,1,0,0,1,0,3,0,49
413,1252,RL,8838,Reg,NAmes,1Fam,1Story,None,2,0,0,0,3,1,1764,1764,1,2,3,1,301,1,0,0,1,0,3,0,15
414,2156,RL,10000,Reg,CollgCr,1Fam,2Story,BrkFace,3,4,1,1220,4,1,1220,2090,1,3,2,2,556,1,0,0,1,1,3,0,40
415,499,RL,12203,IR1,NoRidge,1Fam,2Story,BrkFace,3,4,1,1225,4,1,1276,2612,1,3,3,3,676,1,0,0,1,1,3,0,40
416,1374,RL,21286,Reg,Sawyer,1Fam,1.5Fin,None,2,3,1,720,2,1,720,1271,1,2,1,1,312,1,0,0,1,0,2,0,25
417,2898,RL,11170,IR2,Timber,1Fam,2Story,None,2,4,1,1216,4,1,1298,2514,1,2,3,2,693,1,0,1,0,0,3,0,35
418,401,RL,10500,Reg,NAmes,1Fam,1Story,None,2,3,1,864,3,1,864,864,1,2,1,2,576,1,0,0,0,0,1,0,24
419,2721,RL,13125,Reg,Sawyer,1Fam,1Story,BrkCmn,2,3,1,1134,4,1,1803,1803,1,2,2,2,484,1,0,1,1,1,2,0,20
420,2078,RL,12671,IR1,ClearCr,1Fam,1Story,Stone,2,4,1,1288,4,1,2422,2422,1,3,3,2,527,1,0,0,1,0,3,0,42
421,2589,RL,13600,Reg,NAmes,1Fam,1Story,None,2,3,1,1056,3,1,1056,1056,1,2,3,1,300,1,0,1,0,1,2,0,30
422,1946,RL,21281,Reg,NAmes,1Fam,2Story,None,2,3,1,666,3,1,1308,3086,1,3,1,3,1200,1,0,0,0,0,4,0,20
423,1334,RM,5870,Reg,BrkSide,1Fam,2Story,None,2,3,1,554,4,1,736,1290,1,2,1,1,200,1,0,1,0,0,2,0,54
424,2781,RL,13704,IR1,CollgCr,1Fam,1Story,BrkFace,3,4,1,1541,4,1,1541,1541,1,3,2,3,843,1,0,0,1,0,2,0,35
425,431,RL,12220,Reg,NridgHt,1Fam,1Story,BrkFace,4,5,1,2006,4,1,2020,2020,1,4,3,3,900,1,0,0,1,1,3,0,50
426,576,RL,3782,IR1,Greens,TwnhsE,1Story,None,3,4,4,1226,2,1,1226,1226,1,3,3,2,484,1,0,0,1,1,1,1,40
427,1474,RL,8450,Reg,CollgCr,1Fam,2Story,BrkFace,3,4,1,856,4,1,856,1710,1,3,2,2,548,1,0,0,0,1,3,0,35
428,2254,RL,8750,IR1,Mitchel,1Fam,SLvl,Stone,2,3,3,852,2,1,918,918,0,2,1,1,360,1,0,0,0,1,1,0,42
429,2155,RL,11248,IR1,CollgCr,1Fam,1Story,Stone,3,4,3,1626,4,1,1668,1668,1,3,3,3,702,1,0,0,1,1,2,0,45
430,885,RL,8777,Reg,Edwards,1Fam,1Story,None,2,0,0,0,4,1,1126,1126,1,3,3,2,520,0,0,1,0,0,2,0,20
431,643,RL,8128,IR1,NAmes,1Fam,1Story,BrkFace,2,3,1,1062,3,1,1062,1062,1,2,1,1,297,1,0,0,0,1,1,1,42
432,1944,RL,9600,Reg,NAmes,1Fam,1.5Unf,None,2,3,1,845,2,1,893,893,1,3,1,2,576,1,0,0,0,1,1,0,35
433,480,RL,10125,IR1,Gilbert,1Fam,2Story,None,3,4,2,846,4,1,846,1594,1,3,3,2,434,1,0,1,1,0,3,0,35
434,2845,RL,11388,Reg,Edwards,1Fam,1.5Fin,None,2,3,1,616,2,0,1055,1273,1,3,1,1,275,0,0,0,0,0,1,0,28
435,2387,RL,14215,IR1,NridgHt,1Fam,2Story,BrkFace,3,5,3,1158,4,1,1158,2376,1,3,2,3,853,1,0,0,1,0,4,0,40
436,2407,RL,6792,IR1,NridgHt,TwnhsE,1Story,Stone,3,4,1,1368,4,1,1368,1368,1,3,2,2,474,1,0,0,1,0,2,0,35
437,2527,RL,11700,Reg,NWAmes,1Fam,2Story,BrkFace,2,3,1,708,3,1,708,1416,1,2,2,2,776,1,0,0,1,0,3,0,36
438,2514,FV,4447,IR1,Somerst,TwnhsE,2Story,None,3,4,1,530,4,1,530,1080,1,3,2,2,496,1,0,0,0,0,3,0,35
439,629,RL,13560,Reg,NAmes,1Fam,1Story,BrkFace,2,2,1,1392,3,1,1392,1392,1,2,2,2,576,1,0,0,1,1,1,0,18
440,80,RL,9453,IR1,SawyerW,1Fam,2Story,None,3,4,1,996,4,1,1014,1744,1,3,2,2,457,1,0,0,0,0,3,1,49
441,1876,RL,10355,IR1,NAmes,1Fam,1Story,BrkFace,2,3,1,1214,2,1,1214,1214,1,2,2,1,318,1,0,0,1,0,2,0,25
442,1546,RM,6000,Reg,IDOTRR,1Fam,1.5Fin,None,2,2,1,720,3,1,760,1090,1,2,1,1,240,1,0,0,0,0,1,0,48
443,2518,RL,11250,IR1,Veenker,1Fam,1Story,None,3,4,1,1208,2,1,1208,1208,1,2,2,2,546,1,0,0,1,1,2,0,36
444,2347,RL,10464,IR1,NWAmes,1Fam,SFoyer,BrkFace,2,4,3,988,2,1,1102,1102,1,2,2,2,582,1,0,0,1,1,1,0,36
445,783,RL,25095,IR1,ClearCr,1Fam,1Story,None,2,3,4,1437,4,1,1473,1473,1,4,1,1,452,1,0,0,1,2,1,0,40
446,1322,RM,11340,Reg,OldTown,1Fam,2Story,None,1,2,1,723,2,0,723,1086,1,2,1,2,400,0,0,0,0,0,1,0,2
447,194,RM,5000,Reg,BrkSide,1Fam,1Story,None,2,3,1,765,2,0,765,765,1,3,1,1,200,0,0,1,0,1,1,0,28
448,1770,RL,11787,IR1,NoRidge,1Fam,2Story,BrkFace,3,4,1,1379,4,1,1383,2398,1,3,3,3,834,1,0,0,1,1,3,0,35
449,2143,RL,7200,Reg,CollgCr,1Fam,1Story,None,2,3,1,864,3,1,864,864,1,4,3,2,576,1,0,0,0,1,1,0,25
450,1229,RL,13700,IR1,NAmes,1Fam,2Story,Stone,2,3,4,864,2,1,902,1820,1,3,1,2,492,1,0,1,1,0,3,0,42
451,511,RL,10130,Reg,Somerst,1Fam,1Story,Stone,3,4,3,1702,4,1,1702,1702,1,3,2,3,844,1,0,0,1,1,2,0,40
452,46,RL,6371,IR1,NridgHt,TwnhsE,1Story,Stone,3,4,2,1358,4,1,1358,1358,1,3,2,2,484,1,0,0,1,1,2,0,35
453,1348,RM,6120,Reg,OldTown,1Fam,1.5Fin,None,2,3,1,952,3,1,1022,1774,2,2,1,2,468,1,0,0,1,0,2,0,35
454,2465,FV,8125,Reg,Somerst,1Fam,2Story,None,3,4,1,756,4,1,756,1553,1,3,2,2,615,1,0,0,0,0,3,0,35
455,387,FV,8470,Reg,Somerst,1Fam,2Story,None,3,4,1,972,4,1,972,1811,1,3,2,2,565,1,0,0,1,0,3,0,40
456,873,RL,8750,Reg,CollgCr,1Fam,1Story,BrkFace,3,4,3,1417,4,1,1417,1417,1,3,1,2,511,1,0,0,1,1,2,0,35
457,1918,RL,6860,IR1,NAmes,1Fam,1Story,BrkCmn,2,3,1,1008,4,1,1008,1008,1,1,1,1,308,1,0,0,0,1,1,0,30
458,2764,RL,10041,IR1,SawyerW,1Fam,2Story,None,3,4,2,908,4,1,927,1915,1,3,3,2,506,1,0,0,1,1,3,0,40
459,2184,RL,6400,Reg,Edwards,1Fam,1Story,None,2,3,3,960,4,1,960,960,1,1,1,1,392,1,0,0,0,1,1,0,35
460,934,RM,1488,Reg,Blueste,TwnhsE,2Story,None,2,4,2,561,2,1,561,1229,1,3,3,2,462,1,0,1,1,1,2,0,36
461,1920,RL,8176,Reg,NAmes,1Fam,1Story,None,2,3,1,1056,1,1,1056,1056,1,2,2,1,308,1,0,0,0,1,1,0,30
462,2631,RL,7590,Reg,NAmes,1Fam,2Story,BrkFace,2,3,1,660,2,1,660,1348,1,2,2,2,453,1,0,0,1,0,2,0,30
463,1768,RL,21535,IR1,NoRidge,1Fam,2Story,BrkFace,4,5,4,2444,4,1,2444,4316,1,4,3,3,832,1,0,0,1,1,4,0,60
464,2040,RM,4800,Reg,IDOTRR,1Fam,1Story,None,2,3,1,1196,4,1,1196,1196,1,2,1,2,440,1,0,0,0,1,1,0,28
465,1749,RL,11796,IR1,Gilbert,1Fam,2Story,None,3,4,3,847,4,1,847,1959,1,3,3,2,434,1,0,0,1,0,3,0,35
466,834,RL,16698,IR1,ClearCr,1Fam,2Story,None,3,4,3,1449,3,1,944,1759,1,3,1,2,525,1,0,0,1,1,3,1,35
467,1457,RL,10400,Reg,CollgCr,1Fam,2Story,BrkFace,3,4,1,1257,4,1,1290,2161,1,3,2,2,570,1,0,0,1,0,3,0,35
468,79,RL,7175,Reg,SawyerW,TwnhsE,1Story,None,2,4,1,744,2,1,752,752,1,2,1,1,264,1,0,1,0,1,1,0,30
469,2302,RL,8314,Reg,Mitchel,1Fam,1Story,None,2,3,4,816,2,1,816,816,1,2,1,1,264,1,0,0,0,0,1,0,35
470,1817,RL,9180,IR1,SawyerW,1Fam,SFoyer,None,2,4,3,840,3,1,884,884,1,3,2,2,504,1,0,1,0,1,1,1,35
471,2755,RL,11210,IR1,CollgCr,1Fam,1Story,BrkFace,3,4,3,1614,4,1,1614,1614,1,3,2,3,865,1,0,0,0,0,2,0,35
472,359,RL,8803,IR1,Gilbert,1Fam,2Story,None,2,4,1,707,3,1,707,1516,1,3,3,2,409,1,0,0,1,1,3,0,30
473,2059,RL,8665,IR1,Sawyer,1Fam,1Story,BrkFace,2,3,2,876,2,1,897,897,1,2,2,1,264,1,0,0,0,0,1,0,25
474,2092,RL,13474,Reg,SawyerW,1Fam,2Story,BrkFace,3,4,1,700,3,1,1122,2243,1,3,2,3,746,1,0,0,1,1,3,0,35
475,2516,FV,7180,IR1,Somerst,1Fam,1Story,None,3,4,1,1568,4,1,1568,1568,1,3,2,2,564,1,1,0,1,0,2,0,40
476,150,RL,10950,Reg,NAmes,1Fam,1Story,None,2,3,1,864,2,1,1064,1064,1,1,1,1,318,1,0,0,0,1,1,0,35
477,1656,RL,10793,Reg,NWAmes,1Fam,2Story,BrkFace,2,3,1,780,4,1,780,1620,1,2,3,2,462,1,0,1,0,0,3,0,25
478,83,RH,9800,Reg,SawyerW,1Fam,1Story,None,2,3,1,816,2,0,1012,1012,1,2,1,1,429,1,0,0,0,0,1,0,25
479,2411,RL,10237,Reg,Gilbert,1Fam,1Story,None,3,4,1,1316,4,1,1316,1316,1,3,3,2,397,1,0,0,1,0,2,0,30
480,795,RL,11500,IR1,Edwards,1Fam,1Story,None,2,0,0,0,4,0,845,845,1,2,1,1,290,0,0,0,0,0,1,1,12
481,2312,RL,13006,IR1,Gilbert,1Fam,2Story,BrkFace,2,4,1,964,3,1,993,2236,1,3,3,2,642,1,0,0,1,0,3,0,35
482,2917,RM,1533,Reg,MeadowV,Twnhs,SFoyer,None,2,4,3,630,4,1,630,630,1,4,0,0,0,1,0,0,0,1,1,0,35
483,1624,RL,7875,Reg,Gilbert,1Fam,2Story,None,3,4,1,691,3,1,691,1553,1,3,3,2,420,1,0,0,0,0,3,0,35
484,2215,RL,12168,Reg,Crawfor,1Fam,2Story,None,2,4,2,965,2,1,1940,3194,1,2,1,2,380,1,0,0,1,0,3,0,48
485,1211,RL,9200,Reg,NAmes,1Fam,1Story,None,2,3,1,1136,2,1,1136,1136,1,2,2,1,384,1,0,0,1,1,1,0,36
486,1485,RM,4438,Reg,CollgCr,TwnhsE,1Story,BrkFace,3,4,4,848,4,1,848,848,1,3,3,2,420,1,0,0,1,1,1,0,30
487,1024,RL,13068,Reg,NWAmes,1Fam,1Story,BrkFace,2,4,1,1211,2,1,1211,1211,1,3,3,2,461,1,0,1,1,1,2,0,30
488,570,FV,4217,IR1,Somerst,TwnhsE,1Story,Stone,3,4,1,1145,4,1,1256,1256,1,3,3,2,641,1,1,0,1,1,2,0,30
489,2874,RM,7000,Reg,IDOTRR,1Fam,1.5Fin,None,2,3,1,861,4,1,861,1285,1,2,3,2,506,1,0,1,0,1,1,0,42
490,700,RM,6600,Reg,OldTown,1Fam,2Story,None,2,3,1,994,2,0,1378,2372,2,2,2,1,432,1,0,0,0,0,2,0,20
491,2756,RL,8990,IR1,CollgCr,1Fam,1Story,None,3,4,2,1498,4,1,1498,1498,1,3,2,2,675,1,0,0,0,0,2,0,35
492,2022,RM,7755,Reg,OldTown,1Fam,2Story,None,2,3,1,1100,4,1,1100,2264,1,2,1,1,408,1,0,1,0,0,3,0,48
493,583,RL,10382,IR1,NWAmes,1Fam,2Story,Stone,2,4,2,1107,4,1,1107,2090,1,2,2,2,484,1,0,0,1,1,3,0,42
494,2392,RL,11924,IR1,NridgHt,1Fam,2Story,Stone,4,5,1,1175,4,1,1182,2324,1,4,3,3,736,1,0,0,1,1,3,0,45
495,2424,RM,3072,Reg,Blmngtn,TwnhsE,1Story,BrkFace,3,4,1,1375,4,1,1414,1414,1,3,3,2,398,1,0,0,1,0,2,0,35
496,212,RL,9900,Reg,SWISU,2fmCon,1.5Fin,None,1,3,1,1212,2,0,1212,1392,1,2,0,0,0,0,0,0,0,1,1,0,20
497,736,RM,6000,Reg,BrkSide,1Fam,1.5Fin,None,2,3,1,884,4,1,884,1348,1,2,1,1,216,0,0,0,1,1,1,0,40
498,1610,RL,11075,IR1,Mitchel,1Fam,2Story,BrkFace,2,3,3,784,4,1,1168,1968,1,2,2,2,530,1,0,1,1,1,3,0,20
499,890,RL,10682,Reg,Edwards,1Fam,1Story,None,2,3,1,1014,2,1,1149,1149,1,2,3,1,544,1,0,1,0,1,1,0,24
500,467,RL,12589,IR2,Gilbert,1Fam,2Story,None,3,4,1,742,4,1,742,1484,1,3,3,2,390,1,0,0,1,0,3,0,30
501,578,RL,9600,Reg,Veenker,1Fam,SLvl,BrkFace,3,3,1,392,4,1,1487,2499,1,2,1,2,527,1,0,0,1,0,3,0,40
502,1747,RL,16219,IR2,Gilbert,1Fam,SLvl,None,3,4,4,835,4,1,1119,1119,1,3,3,2,437,1,0,0,0,1,2,0,35
503,1149,RL,7892,Reg,SawyerW,TwnhsE,1Story,None,3,4,1,1199,4,1,1199,1199,1,3,2,2,530,1,0,0,0,0,2,0,30
504,2758,RL,13377,Reg,CollgCr,1Fam,1Story,None,3,4,1,1836,3,1,1846,1846,1,3,2,2,495,1,0,0,1,1,2,0,30
505,857,RL,7000,IR1,CollgCr,1Fam,1Story,BrkFace,3,3,1,864,4,1,864,864,1,2,1,1,336,1,0,1,0,1,1,1,40
506,2219,RL,10570,Reg,Crawfor,1Fam,2Story,None,3,4,1,853,2,1,1549,2727,1,3,1,2,440,1,0,0,1,0,3,0,64
507,733,RL,8854,Reg,BrkSide,1Fam,1.5Unf,None,2,3,1,952,1,0,952,952,1,1,1,1,192,0,0,0,1,0,1,0,36
508,2909,RM,2665,Reg,MeadowV,TwnhsE,2Story,None,2,4,2,264,2,1,616,1304,1,2,2,1,336,1,0,0,1,0,2,0,30
509,1798,FV,9000,Reg,Somerst,1Fam,2Story,None,3,4,3,1088,4,1,1088,1959,1,3,2,3,1025,1,0,0,1,0,3,0,40
510,235,RL,18600,Reg,Edwards,1Fam,1.5Fin,None,2,3,2,972,2,1,1052,1610,1,1,2,1,480,1,0,0,1,1,2,0,12
511,2366,RM,2160,Reg,BrDale,TwnhsE,2Story,BrkFace,2,3,1,765,3,1,765,1365,1,3,1,2,440,1,0,0,1,0,2,0,30
512,1027,RL,9743,Reg,NWAmes,1Fam,2Story,None,2,3,1,720,3,1,720,1308,1,2,1,2,484,1,0,0,0,0,2,0,30
513,1195,RL,8125,Reg,NAmes,1Fam,1Story,None,3,3,1,912,4,1,925,925,1,2,1,2,576,1,0,0,0,1,1,0,35
514,1303,RM,7311,Reg,OldTown,1Fam,1Story,None,2,3,1,407,2,0,407,407,1,2,1,1,297,1,0,0,0,0,1,0,10
515,148,RL,10032,Reg,NAmes,1Fam,1Story,Stone,2,3,1,1244,4,1,1580,1580,1,2,1,2,440,1,0,1,1,1,2,0,30
516,608,RL,10500,IR1,NAmes,1Fam,1Story,Stone,2,3,1,1292,2,1,1292,1292,1,2,1,2,520,1,0,0,1,1,2,0,25
517,2515,FV,8314,IR1,Somerst,1Fam,2Story,None,3,4,1,569,4,1,854,1694,1,3,1,1,434,1,1,1,1,0,3,0,35
518,821,RL,10226,IR1,CollgCr,1Fam,1Story,Stone,3,5,4,1622,4,1,1630,1630,1,4,2,3,860,1,0,0,1,1,2,0,40
519,2500,RL,16059,Reg,NoRidge,1Fam,2Story,BrkFace,3,4,1,1288,4,1,1301,2417,1,3,1,2,462,1,0,0,1,0,3,0,40
520,745,RM,6120,Reg,BrkSide,1Fam,1Story,None,2,3,1,960,3,1,995,995,1,2,1,1,264,1,0,1,0,0,1,0,30
521,741,RM,6120,Reg,BrkSide,1Fam,1.5Fin,None,2,3,1,927,2,1,1067,1539,1,2,1,2,576,1,0,1,0,0,2,0,30
522,1611,I (all),56600,IR1,IDOTRR,1Fam,2.5Unf,None,2,3,1,686,4,1,1150,1836,1,2,1,1,288,0,0,0,0,0,2,0,5
523,2532,RL,9750,Reg,NAmes,1Fam,SLvl,None,2,3,3,980,3,1,980,980,1,2,3,1,384,1,0,0,0,0,2,0,25
524,1081,RL,3940,Reg,Blmngtn,TwnhsE,1Story,BrkFace,3,4,4,1415,4,1,1455,1455,1,3,3,3,644,1,0,0,1,1,2,0,35
525,1692,RL,13641,Reg,NridgHt,1Fam,2Story,BrkFace,4,5,4,1934,4,1,1943,2656,1,4,2,3,1040,1,0,0,1,1,3,0,45
526,2520,RL,3640,IR1,Greens,Twnhs,1Story,None,3,4,4,1036,2,1,1036,1036,1,3,3,2,484,1,0,0,1,1,1,1,40
527,276,RL,9825,Reg,Edwards,Duplex,1Story,None,2,0,0,0,2,0,1664,1664,2,2,0,0,0,1,0,0,0,0,2,0,25
528,1992,RM,9600,Reg,OldTown,1Fam,1.5Fin,None,2,3,2,702,3,1,842,1472,1,3,1,1,250,0,1,1,0,0,1,0,40
529,663,RL,5400,Reg,OldTown,1Fam,1Story,None,1,2,1,416,3,0,599,599,1,3,0,0,0,0,0,0,0,1,1,0,10
530,418,RL,2104,Reg,NPkVill,TwnhsE,1Story,None,2,3,1,836,2,1,836,836,1,2,1,1,345,1,0,0,0,1,1,0,42
531,1733,RL,9729,IR1,Gilbert,1Fam,2Story,None,3,4,1,698,4,1,698,1746,1,3,1,3,350,1,0,0,1,1,3,0,30
532,2359,RL,10000,Reg,NWAmes,1Fam,1Story,BrkFace,2,3,1,1103,2,1,1103,1103,1,2,1,2,462,1,0,1,0,0,2,0,36
533,253,RL,7360,Reg,CollgCr,1Fam,1Story,Stone,3,4,1,1222,4,1,1222,1222,1,3,2,2,615,1,0,0,0,0,2,0,35
534,1518,RL,8400,Reg,SWISU,1Fam,2.5Fin,None,2,3,1,720,4,1,1052,2192,1,3,1,1,240,1,0,0,1,0,3,0,40
535,2035,RM,9000,Reg,IDOTRR,1Fam,1.5Fin,None,2,3,1,780,2,1,780,1375,1,3,1,1,544,0,0,0,1,0,2,0,36
536,2919,RM,1526,Reg,MeadowV,Twnhs,2Story,None,2,3,1,546,2,1,546,1092,1,2,0,0,0,1,0,1,0,0,2,0,20
537,1540,RL,12392,Reg,Crawfor,1Fam,1.5Fin,None,2,3,1,832,4,1,1218,2161,1,3,3,2,506,1,0,0,1,1,3,0,63
538,2120,RL,14217,IR2,CollgCr,1Fam,1Story,None,2,4,1,1022,3,1,1022,1022,1,2,1,2,747,1,0,0,0,1,1,1,25
539,1674,RH,4113,IR1,NAmes,TwnhsE,1Story,None,3,4,2,1337,4,1,1337,1337,1,3,3,2,511,1,0,0,1,0,2,0,30
540,256,RL,8816,Reg,ClearCr,1Fam,SLvl,BrkFace,2,3,3,1010,3,1,1052,1052,1,2,1,2,440,1,0,1,0,1,1,0,42
541,2361,RL,9353,Reg,NAmes,1Fam,1Story,None,2,3,1,864,3,1,864,864,1,2,1,1,280,1,0,0,0,0,1,0,20
542,978,RM,1477,Reg,MeadowV,TwnhsE,SFoyer,None,2,4,3,630,2,1,630,630,1,2,1,1,286,1,0,0,0,1,1,0,16
543,2280,RM,6710,IR1,Mitchel,TwnhsE,SFoyer,BrkFace,2,5,3,920,4,1,936,936,1,2,3,2,460,1,0,0,0,2,1,0,30
544,2095,RL,11287,Reg,SawyerW,1Fam,2Story,BrkFace,3,4,3,807,3,1,1175,1982,1,3,3,2,575,1,0,0,1,0,3,0,42
545,1709,RL,12099,IR1,NridgHt,1Fam,2Story,BrkFace,3,5,3,1136,4,1,1136,2468,1,3,3,3,872,1,0,0,1,1,3,0,40
546,2801,RL,9750,Reg,CollgCr,1Fam,2Story,None,2,4,3,1108,4,1,1108,2097,1,3,2,2,583,1,0,0,1,1,3,0,42
547,1246,RL,11556,Reg,NAmes,1Fam,1Story,Stone,2,3,1,720,4,1,882,882,1,3,1,1,240,1,0,1,0,1,1,0,30
548,2373,RM,1680,Reg,BrDale,Twnhs,2Story,BrkFace,2,3,1,483,2,1,483,987,1,2,1,1,288,1,0,0,1,0,2,0,30
549,1055,RL,12704,Reg,NridgHt,1Fam,1Story,Stone,3,5,1,1582,4,1,1582,1582,1,3,3,3,905,1,0,0,0,1,2,0,40
550,2017,RM,6120,Reg,BrkSide,1Fam,1.5Fin,None,2,3,1,756,3,1,903,1281,1,3,1,2,379,1,0,0,0,1,1,0,30
551,1099,RL,9660,Reg,NoRidge,1Fam,2.5Unf,BrkFace,3,4,1,1173,4,1,1182,2199,1,3,3,2,516,1,0,0,1,0,3,0,40
552,1344,RM,6120,Reg,BrkSide,1Fam,1Story,None,2,0,0,0,3,0,808,808,1,2,1,1,164,0,0,0,0,0,1,0,30
553,835,RL,28698,IR2,ClearCr,1Fam,2Story,None,2,3,4,1013,2,1,1160,2126,1,2,3,2,538,1,0,0,0,1,3,1,25
554,1117,RL,12274,IR1,Somerst,1Fam,1Story,Stone,3,4,1,1417,4,1,1428,1428,1,4,2,2,554,1,0,0,0,0,2,0,35
555,2043,RM,4388,IR1,OldTown,1Fam,1.5Unf,None,2,3,1,672,4,1,840,840,1,2,0,0,0,0,0,0,1,0,1,0,35
556,2085,RL,3869,Reg,Edwards,TwnhsE,1Story,BrkFace,3,3,1,1038,3,1,1038,1038,1,2,2,1,264,1,0,0,0,0,2,0,30
557,410,RL,2308,Reg,NPkVill,TwnhsE,2Story,None,2,4,1,804,2,1,804,1548,1,2,2,2,440,1,0,0,1,0,3,0,30
558,2650,RM,4400,Reg,OldTown,1Fam,1.5Fin,None,2,2,1,648,2,1,734,1118,1,2,1,2,440,1,0,0,0,0,1,0,48
559,2867,RL,14210,IR1,Crawfor,1Fam,2Story,None,2,3,1,697,4,1,1104,1801,1,2,1,2,365,1,0,1,1,0,2,0,42
560,1668,RL,9758,IR1,NAmes,1Fam,1Story,None,2,3,1,950,2,1,950,950,1,2,1,1,280,1,0,0,0,0,1,0,25
561,1161,FV,4017,IR1,Somerst,TwnhsE,2Story,None,3,4,1,625,4,1,625,1250,1,3,3,2,625,1,1,0,0,0,3,0,35
562,2122,RL,11249,IR2,CollgCr,1Fam,1Story,None,3,4,1,1200,4,1,1200,1200,1,3,2,2,521,1,0,0,0,1,2,0,30
563,2539,RL,9600,Reg,NAmes,1Fam,SLvl,BrkFace,2,3,3,1141,3,1,1141,1141,1,2,1,1,568,1,0,0,0,1,1,0,35
564,1047,RL,4043,Reg,NPkVill,TwnhsE,1Story,None,2,4,1,1069,2,1,1069,1069,1,2,2,2,440,1,0,0,0,0,2,0,36
565,1445,RL,9200,IR1,CollgCr,1Fam,1Story,None,2,4,3,938,2,1,938,938,1,2,1,1,308,1,0,1,0,1,1,1,30
566,541,RL,13072,Reg,SawyerW,1Fam,1Story,None,2,4,1,1114,4,1,1114,1114,1,3,0,0,0,1,0,0,0,0,2,0,25
567,569,FV,3830,IR1,Somerst,TwnhsE,1Story,Stone,3,4,1,1726,4,1,1726,1726,1,3,3,2,561,1,1,0,1,0,3,0,30
568,1276,RL,7227,Reg,NAmes,1Fam,1.5Unf,None,2,3,1,832,3,1,832,832,1,3,1,2,528,1,0,0,0,0,1,0,36
569,918,RL,7155,Reg,Crawfor,1Fam,2Story,None,2,3,2,600,4,1,628,1228,1,2,1,1,215,1,0,1,1,0,1,0,56
570,326,RL,11875,Reg,Mitchel,1Fam,1Story,None,2,4,1,1344,4,1,1344,1344,1,2,1,2,686,1,0,0,1,0,2,0,25
571,1936,RL,8540,Reg,NAmes,1Fam,1Story,None,2,3,1,925,2,1,925,925,1,3,1,1,252,1,0,0,0,1,1,0,40
572,895,RL,6410,Reg,Edwards,1Fam,1Story,None,2,3,1,876,2,1,876,876,1,2,1,1,320,1,0,1,0,0,1,0,20
573,257,RL,11105,Reg,CollgCr,1Fam,SFoyer,None,2,4,3,870,3,1,965,965,1,2,1,2,580,1,0,1,0,1,1,0,25
574,1241,RL,13200,IR1,NAmes,1Fam,1Story,BrkFace,2,3,1,1395,4,1,1570,1570,1,2,2,2,441,1,0,0,1,1,1,0,36
575,1545,RM,7000,Reg,IDOTRR,1Fam,1Story,None,2,3,1,894,2,1,919,919,1,2,1,1,195,0,0,1,0,1,1,0,48
576,1189,RL,11040,Reg,NWAmes,1Fam,1Story,BrkFace,3,3,1,1258,4,1,1258,1258,1,3,2,2,528,1,0,0,0,1,2,0,42
577,270,RM,4426,Reg,CollgCr,TwnhsE,1Story,BrkFace,3,4,3,848,4,1,848,848,1,3,2,2,420,1,0,0,0,1,1,0,30
578,2066,RL,16779,Reg,Sawyer,1Fam,2Story,BrkFace,2,4,1,671,1,1,1567,2654,1,2,1,2,638,1,0,0,1,0,3,0,20
579,693,RM,10440,Reg,OldTown,1Fam,2Story,None,2,3,1,440,3,1,682,1230,1,2,1,2,440,1,1,1,0,0,2,0,30
580,1259,RL,10836,Reg,OldTown,1Fam,1.5Fin,None,2,3,1,892,4,1,1254,1436,1,2,1,4,1488,0,1,1,1,1,1,0,25
581,2916,RL,13384,Reg,Mitchel,1Fam,1Story,BrkFace,2,3,3,1104,1,1,1360,1360,1,2,2,1,336,1,0,0,1,1,1,0,25
582,2321,RL,13751,IR1,Gilbert,1Fam,2Story,BrkFace,3,4,3,1700,4,1,1700,2212,1,3,3,3,773,1,0,0,1,1,3,1,35
583,1977,RM,4480,Reg,OldTown,1Fam,1Story,None,2,2,1,1022,2,0,1022,1022,1,1,1,1,184,0,0,1,1,1,1,0,25
584,1895,RL,11382,IR1,NAmes,1Fam,1Story,BrkFace,2,3,1,1130,2,1,1374,1374,1,2,2,1,286,1,0,1,1,1,1,0,30
585,1240,RL,9120,Reg,NAmes,1Fam,1Story,None,2,3,1,1261,4,1,1261,1261,1,2,2,2,433,1,0,0,1,1,1,0,36
586,85,RL,11782,IR1,Sawyer,1Fam,SFoyer,None,2,3,3,1109,2,1,1155,1155,1,3,1,2,576,1,0,1,0,1,1,0,35
587,1823,RL,6970,Reg,Sawyer,1Fam,1Story,None,2,3,1,1040,2,1,1120,1120,1,1,2,2,544,1,0,0,0,1,2,0,20
588,825,RL,11422,IR1,CollgCr,1Fam,1Story,Stone,3,5,3,1838,4,1,1838,1838,1,3,2,2,524,1,0,0,1,1,2,0,40
589,110,FV,8000,Reg,Somerst,1Fam,1Story,None,3,4,1,1492,4,1,1492,1492,1,3,2,2,596,1,0,0,1,1,2,0,35
590,697,RM,15660,Reg,OldTown,1Fam,1.5Fin,None,2,3,1,240,2,1,810,1306,1,3,1,2,472,0,0,1,0,0,2,0,40
591,2297,RL,6723,Reg,Mitchel,1Fam,SFoyer,None,2,4,3,796,2,1,796,796,1,2,0,0,0,1,0,1,0,1,1,0,35
592,1231,RL,7875,Reg,NAmes,1Fam,1Story,BrkFace,2,3,1,1144,3,1,1144,1144,1,2,1,2,456,1,0,1,0,1,1,0,30
593,1355,RL,9144,Reg,BrkSide,1Fam,1.5Fin,None,2,3,1,883,3,1,988,1505,1,2,1,1,240,0,1,0,0,1,1,0,25
594,968,RL,14601,Reg,Timber,1Fam,1Story,BrkFace,4,5,3,1838,4,1,1838,1838,1,4,3,3,765,1,0,0,1,1,2,0,45
595,584,RL,12732,IR1,NWAmes,1Fam,2Story,None,2,3,2,752,2,1,1285,2067,1,3,2,2,784,1,0,0,1,0,3,1,42
596,1315,RM,6000,Reg,OldTown,1Fam,2Story,None,3,2,1,572,4,1,884,1540,1,3,0,0,0,0,1,0,0,0,2,0,45
597,1606,RL,6600,Reg,Mitchel,1Fam,1Story,None,2,3,1,816,4,1,816,816,1,2,3,2,816,1,0,0,0,1,1,0,40
598,206,RM,8472,IR2,IDOTRR,Duplex,1Story,None,1,4,4,816,2,0,816,816,1,2,1,2,516,1,0,0,0,1,1,0,25
599,1685,RL,12469,Reg,NridgHt,1Fam,1Story,Stone,4,5,4,1790,4,1,1816,1816,1,4,3,3,730,1,0,0,1,1,2,0,45
600,2016,RM,6240,Reg,BrkSide,1Fam,1.5Fin,None,2,3,1,966,4,1,1014,1426,1,2,1,1,230,1,0,1,1,0,1,0,35
601,869,RL,11250,Reg,CollgCr,1Fam,2Story,None,3,4,1,944,4,1,944,1870,1,3,2,2,608,1,0,0,0,0,3,0,35
602,2135,RL,11800,IR1,CollgCr,1Fam,1Story,None,2,4,3,864,2,1,894,894,1,2,1,2,440,1,0,0,0,0,1,0,25
603,2346,RL,18800,IR1,NWAmes,1Fam,2Story,BrkFace,2,4,2,796,2,1,790,1574,1,2,3,2,566,1,0,0,1,1,3,0,30
604,2430,RL,4045,Reg,Blmngtn,TwnhsE,1Story,BrkFace,3,4,3,1356,4,1,1500,1500,1,3,3,3,648,1,0,0,1,1,2,0,35
605,2198,RL,10594,Reg,Crawfor,1Fam,1.5Unf,None,2,3,1,768,1,0,789,789,1,2,1,1,200,1,0,1,0,0,1,0,25
606,2652,RM,6000,Reg,OldTown,2fmCon,1Story,None,2,3,3,960,2,1,960,960,1,2,1,2,576,1,0,0,0,1,1,0,35
607,27,RL,8400,Reg,NAmes,1Fam,1Story,None,2,3,1,882,2,1,882,882,1,2,3,2,525,1,0,1,0,1,1,0,20
608,241,RL,10420,Reg,Edwards,1Fam,1Story,None,2,4,2,1212,4,1,1212,1212,1,3,2,2,460,1,0,0,0,0,2,0,30
609,906,RH,6300,Reg,SWISU,1Fam,1.5Fin,BrkFace,2,3,1,832,2,1,832,1268,1,2,1,1,250,1,1,0,1,0,2,0,20
610,1506,RL,12180,Reg,Edwards,1Fam,1.5Fin,None,2,3,1,585,3,1,585,1053,1,4,0,0,0,0,0,0,0,0,2,0,35
611,2098,RL,9965,Reg,CollgCr,1Fam,2Story,Stone,3,5,4,1466,4,1,1466,2828,1,3,2,3,1052,1,0,0,1,1,3,0,40
612,1435,RL,8696,IR1,CollgCr,1Fam,1Story,BrkFace,2,4,4,1418,4,1,1418,1418,1,3,2,2,558,1,0,0,1,1,2,0,35
613,2213,RL,13108,IR2,Crawfor,1Fam,1Story,None,2,0,0,0,1,1,1226,1226,1,2,3,2,400,1,0,0,1,0,2,0,25
614,1274,RL,8064,Reg,NAmes,1Fam,1.5Fin,None,2,3,1,768,4,1,819,1320,1,2,1,2,576,1,0,1,0,0,2,0,36
615,743,RM,6120,Reg,BrkSide,1Fam,1Story,None,1,3,1,264,1,0,800,800,1,1,0,0,0,0,0,0,1,0,1,0,6
616,1737,RL,8899,IR1,Gilbert,1Fam,1Story,None,3,4,3,1340,4,1,1340,1340,1,3,3,2,396,1,0,0,0,0,2,0,35
617,2797,RL,10566,IR1,CollgCr,1Fam,2Story,BrkFace,3,4,3,1090,4,1,1090,2214,1,3,3,3,646,1,0,0,1,1,3,0,40
618,2185,RL,6882,Reg,Edwards,Duplex,1Story,BrkCmn,2,0,0,0,2,0,1152,1152,2,1,0,0,0,0,0,0,0,0,2,0,12
619,58,RL,7750,IR1,Gilbert,1Fam,SLvl,None,2,4,1,384,4,1,774,1430,1,2,3,2,400,1,0,0,1,0,3,0,35
620,830,RL,7314,Reg,CollgCr,1Fam,1Story,Stone,3,4,3,1232,4,1,1232,1232,1,3,2,2,632,1,0,0,0,1,2,0,35
621,808,RL,7018,Reg,SawyerW,Duplex,1Story,None,2,0,0,0,2,1,1535,1535,2,2,1,2,410,1,0,0,0,0,2,0,25
622,680,RL,7200,Reg,NAmes,1Fam,1.5Fin,None,2,3,1,1208,3,1,1136,1904,1,2,1,1,240,1,0,1,0,1,2,0,20
623,1153,RL,8450,Reg,Sawyer,2fmCon,1Story,None,2,3,2,890,3,0,890,890,1,2,1,1,308,1,0,0,0,1,1,0,25
624,1291,RM,6000,Reg,OldTown,1Fam,2.5Unf,None,3,3,1,728,3,1,728,1456,1,3,1,1,308,0,0,0,0,0,2,0,42
625,1818,RH,8400,Reg,SawyerW,Duplex,1Story,BrkFace,2,0,0,0,2,1,2020,2020,2,2,1,2,630,1,0,0,1,0,2,0,25
626,2161,RL,8145,IR1,CollgCr,1Fam,2Story,None,3,4,1,738,4,1,738,1476,1,3,2,2,552,1,0,0,0,0,3,0,35
627,1883,RL,8892,IR1,NAmes,1Fam,1Story,BrkCmn,2,3,1,1065,3,1,1065,1065,1,2,1,2,461,1,0,0,0,0,2,0,25
628,350,RL,7296,IR1,StoneBr,TwnhsE,1Story,None,3,5,3,2208,4,1,2522,2522,1,3,3,2,564,1,0,0,1,1,2,1,40
629,2473,RL,13072,Reg,SawyerW,1Fam,1Story,None,2,4,1,1131,4,1,1131,1131,1,3,0,0,0,1,0,0,0,0,2,0,30
630,295,RL,15600,Reg,Crawfor,Duplex,2Story,BrkFace,2,3,1,1032,4,1,1102,2177,2,2,1,2,484,1,0,0,0,0,3,0,30
631,293,RL,9638,Reg,SWISU,1Fam,1.5Fin,None,2,3,1,804,4,1,1699,2447,1,3,1,1,336,1,0,0,1,0,2,0,42
632,859,RL,15523,IR1,CollgCr,1Fam,1Story,None,2,3,3,864,4,1,864,864,1,2,1,1,338,1,0,0,1,1,1,1,30
633,288,RL,8212,Reg,Edwards,1Fam,1Story,None,2,3,1,864,2,0,864,864,1,2,1,1,200,1,1,0,0,1,1,0,9
634,1578,RL,9735,Reg,Timber,1Fam,SLvl,None,2,4,1,384,3,1,754,1394,1,3,3,2,400,1,0,0,0,0,3,0,25
635,102,FV,2980,Reg,Somerst,TwnhsE,2Story,BrkFace,3,4,1,756,4,1,756,1512,1,3,1,2,440,1,0,0,0,1,3,0,30
636,2831,RM,2522,Reg,Edwards,Twnhs,2Story,Stone,3,4,1,970,4,1,970,1709,1,3,1,2,380,1,0,0,0,0,2,0,30
637,1030,RL,10400,Reg,NWAmes,1Fam,1Story,BrkFace,2,3,1,1444,2,1,1444,1444,1,2,1,2,473,1,0,1,1,0,2,0,30
638,2551,RL,10800,Reg,NAmes,1Fam,1Story,BrkFace,2,3,1,1248,4,1,1248,1248,1,2,1,1,286,1,0,1,0,1,1,0,35
639,1286,RM,10440,Reg,OldTown,1Fam,2Story,None,2,3,1,650,3,1,958,1539,1,3,1,2,686,0,1,0,1,0,2,0,40
640,958,RL,12898,IR1,Timber,1Fam,1Story,Stone,3,5,4,1620,4,1,1620,1620,1,4,3,3,912,1,0,0,1,1,2,0,45
641,776,RL,8740,IR1,Sawyer,1Fam,SFoyer,None,2,3,3,840,2,1,860,860,1,2,1,2,528,1,0,0,0,1,1,0,30
642,72,FV,10440,Reg,Somerst,1Fam,1Story,None,3,5,1,1468,4,1,1468,1468,1,3,3,2,528,1,0,0,1,1,2,0,30
643,2263,RL,10991,IR1,Timber,1Fam,1Story,BrkFace,3,4,4,1571,4,1,1571,1571,1,3,3,3,722,1,0,0,1,0,2,0,40
644,1866,RL,8723,IR1,NWAmes,1Fam,SFoyer,None,2,4,3,973,4,1,1082,1082,1,2,1,2,480,1,0,0,0,1,1,0,36
645,2876,RM,7030,Reg,IDOTRR,1Fam,1Story,None,2,3,1,641,3,1,641,641,1,1,1,1,272,0,0,1,0,0,1,0,24
646,2146,RL,9375,Reg,CollgCr,1Fam,2Story,BrkFace,3,4,1,1284,4,1,1284,2169,1,3,2,2,647,1,0,0,1,0,3,0,40
647,103,FV,2572,Reg,Somerst,Twnhs,2Story,None,3,4,1,696,4,1,696,1416,1,3,1,2,484,1,0,0,0,1,3,0,35
648,1500,RM,3675,Reg,Edwards,TwnhsE,SLvl,BrkFace,2,4,4,547,4,1,1072,1072,1,2,2,2,525,1,0,0,0,1,1,0,30
649,492,RL,24682,IR3,Gilbert,1Fam,2Story,None,2,4,1,841,4,1,892,1675,1,2,3,2,502,1,0,0,1,0,3,1,30
650,167,RL,7635,IR1,NAmes,1Fam,1Story,None,2,3,1,1175,4,1,1175,1175,1,2,2,2,484,1,0,0,0,0,2,0,30
651,2597,RL,5400,Reg,OldTown,1Fam,1Story,None,2,3,1,833,4,1,833,833,1,3,1,1,326,1,0,1,0,0,1,0,35
652,2685,RM,6380,Reg,BrkSide,1Fam,1.5Unf,None,2,3,1,993,2,1,1048,1048,1,2,1,1,280,1,0,0,1,0,1,0,30
653,1035,RL,9750,Reg,NAmes,1Fam,1Story,None,2,4,1,1054,3,1,1054,1054,1,2,1,2,460,1,0,0,0,1,2,0,48
654,1220,RL,6627,IR1,BrkSide,1Fam,1Story,None,2,0,0,0,2,0,720,720,1,2,1,1,287,1,0,0,0,0,1,0,18
655,2602,RL,7200,Reg,OldTown,1Fam,2Story,None,2,3,1,663,4,1,774,1595,1,2,1,2,528,1,1,0,1,0,2,0,48
656,2159,RL,8200,Reg,CollgCr,1Fam,2Story,None,3,4,1,847,4,1,847,1928,1,3,3,2,434,1,0,0,1,0,3,0,35
657,695,RM,10307,Reg,OldTown,Duplex,2Story,None,2,3,2,972,3,0,972,1944,2,2,1,2,324,0,1,0,0,1,2,0,30
658,1109,RL,10944,IR1,NoRidge,1Fam,2Story,BrkFace,3,4,1,1223,4,1,1223,2127,1,3,2,2,525,1,0,0,1,1,3,0,35
659,640,RL,19296,Reg,NAmes,1Fam,SLvl,BrkFace,2,3,4,1362,2,1,1382,1382,1,2,1,2,884,1,0,1,1,1,1,0,30
660,1652,RL,10395,IR1,NWAmes,1Fam,SLvl,BrkFace,2,4,3,1032,2,1,1032,1032,1,2,1,2,564,1,0,1,1,1,2,0,36
661,2090,RL,23920,Reg,SawyerW,1Fam,1.5Fin,None,2,3,1,1105,4,1,1105,1822,1,3,1,2,515,0,0,0,1,0,2,0,30
662,1188,RL,11050,Reg,NWAmes,1Fam,1Story,None,2,3,1,1740,1,1,1740,1740,1,2,2,2,512,1,0,1,1,0,2,0,30
663,2345,RL,16659,IR1,NWAmes,1Fam,2Story,BrkFace,2,3,1,795,1,1,1468,2263,1,3,3,2,539,1,0,0,1,1,3,0,49
664,1059,RL,13418,Reg,NridgHt,1Fam,2Story,BrkFace,3,5,4,1850,4,1,1850,2748,1,4,3,3,850,1,0,0,1,1,3,0,45
665,2751,RL,11003,IR2,CollgCr,1Fam,2Story,None,3,4,1,1308,4,1,1308,1876,1,3,2,3,848,1,0,0,0,0,3,0,35
666,128,RL,9724,Reg,NAmes,1Fam,1.5Fin,BrkFace,3,3,1,1140,3,1,1929,2461,1,2,1,2,400,1,0,1,1,0,2,0,35
667,1523,RL,7804,Reg,SWISU,Duplex,2.5Unf,None,2,3,1,960,4,1,960,1920,2,2,1,2,480,1,0,0,1,2,4,0,42
668,2925,RL,20000,Reg,Mitchel,1Fam,1Story,None,2,3,1,1224,4,1,1224,1224,1,2,1,2,576,1,0,0,1,1,1,0,35
669,2145,RL,10386,Reg,CollgCr,1Fam,1Story,Stone,3,4,1,2000,4,1,2000,2000,1,3,3,3,888,1,0,0,0,1,2,0,40
670,1121,FV,8640,Reg,Somerst,1Fam,1Story,None,3,4,1,1363,4,1,1372,1372,1,3,2,2,588,1,0,0,0,0,2,0,40
671,566,FV,2880,Reg,Somerst,Twnhs,2Story,None,3,4,1,1376,4,1,1376,3005,1,3,3,3,704,1,1,0,1,0,3,0,35
672,565,RL,11949,Reg,NoRidge,1Fam,2Story,BrkFace,3,4,1,975,4,1,975,1755,1,3,1,2,524,1,0,1,1,1,3,0,56
673,1331,RL,7010,Reg,BrkSide,1Fam,1.5Fin,None,2,3,1,1024,2,1,1144,1738,1,2,1,1,240,0,0,0,1,0,2,0,25
674,2928,RL,10441,Reg,Mitchel,1Fam,SFoyer,None,2,4,3,912,2,1,970,970,1,2,0,0,0,1,0,1,0,1,1,0,25
675,156,RL,10200,Reg,NAmes,1Fam,1Story,BrkFace,2,3,1,1086,3,1,1086,1086,1,2,1,2,490,1,0,1,0,1,1,0,35
676,797,RL,11409,Reg,Edwards,1Fam,1.5Fin,None,2,3,1,768,3,1,1148,1716,1,2,1,1,281,1,0,0,1,0,2,0,20
677,327,RM,1974,Reg,MeadowV,TwnhsE,2Story,None,2,3,1,546,2,1,546,1092,1,2,2,1,286,1,0,0,0,0,2,0,20
678,2859,RL,21780,Reg,Crawfor,1Fam,2Story,None,2,3,1,817,3,1,940,1550,1,2,1,1,318,0,0,1,1,0,2,0,30
679,1453,RL,7200,Reg,CollgCr,1Fam,1Story,None,2,3,3,780,4,1,780,780,1,2,1,1,352,1,0,1,0,0,1,0,35
680,1762,RL,12191,IR1,NoRidge,1Fam,2Story,BrkFace,3,4,3,1779,4,1,1779,2551,1,3,3,3,925,1,0,0,1,1,3,0,40
681,1868,RL,11358,IR1,NWAmes,1Fam,1Story,None,2,3,1,1124,2,1,1610,1610,1,3,2,2,515,1,0,0,1,0,2,0,49
682,1760,RL,9649,IR1,Gilbert,1Fam,2Story,None,2,4,1,941,4,1,961,1644,1,2,2,2,460,1,0,0,1,0,3,0,30
683,1113,RL,11957,IR1,Somerst,1Fam,1Story,BrkFace,3,4,1,1574,4,1,1574,1574,1,3,2,3,824,1,0,0,1,0,2,0,40
684,1812,RL,11613,IR2,SawyerW,1Fam,2Story,None,3,4,1,864,4,1,920,1820,1,3,2,2,492,1,0,1,0,0,3,0,30
685,117,RL,9600,Reg,NWAmes,1Fam,2Story,None,2,3,1,715,2,1,930,1645,1,2,2,2,441,1,0,1,0,0,3,0,36
686,1142,RL,8125,Reg,SawyerW,1Fam,1Story,BrkFace,2,4,1,1408,4,1,1679,1679,1,3,2,2,575,1,0,0,1,1,2,0,30
687,2342,RL,18261,IR1,StoneBr,1Fam,1Story,BrkFace,4,5,4,1910,4,1,2000,2000,1,4,1,3,722,1,0,0,1,1,3,0,45
688,927,RL,9100,Reg,Crawfor,1Fam,1Story,None,2,3,2,1112,4,1,1112,1112,1,2,1,1,390,1,0,1,1,1,1,0,30
689,2478,RL,8304,IR1,SawyerW,1Fam,2Story,None,2,4,1,941,4,1,941,1837,1,2,2,2,688,1,0,1,0,0,3,0,30
690,655,RL,5470,Reg,OldTown,1Fam,1Story,None,2,3,1,792,3,1,792,792,1,2,1,1,366,1,0,0,0,0,1,0,15
691,2064,RL,8169,Reg,Sawyer,1Fam,1Story,None,2,3,1,912,4,1,912,912,1,3,1,1,315,1,0,1,0,1,1,0,35
692,369,RL,16158,IR1,StoneBr,1Fam,1Story,Stone,3,5,3,1530,4,1,1530,1530,1,3,3,2,430,1,0,0,1,1,2,0,35
693,2239,RM,8263,Reg,IDOTRR,1Fam,1Story,None,2,3,1,1012,2,1,1012,1012,1,2,1,1,308,1,0,1,1,0,1,0,30
694,2732,RL,5271,IR1,ClearCr,1Fam,1Story,None,2,4,4,1453,3,1,1453,1453,1,3,2,2,445,1,0,0,1,1,2,0,35
695,1653,RL,11850,Reg,NWAmes,1Fam,1Story,BrkFace,2,4,1,1153,2,1,1177,1177,1,3,3,2,495,1,0,1,0,0,2,0,36
696,959,RL,13159,IR1,Timber,1Fam,2Story,None,2,5,3,846,3,1,846,1692,1,3,2,2,650,1,0,0,0,0,3,0,35
697,2395,RL,11643,IR1,NridgHt,1Fam,2Story,BrkFace,3,5,3,1524,4,1,1544,2358,1,4,3,3,784,1,0,0,1,1,3,0,40
698,1412,RL,9350,Reg,Edwards,Duplex,SFoyer,None,2,4,3,864,1,0,864,864,1,2,0,0,0,1,0,0,0,1,1,0,25
699,271,RL,10635,IR2,CollgCr,1Fam,1Story,BrkFace,3,4,3,1657,4,1,1668,1668,1,3,3,2,502,1,0,0,1,1,2,0,40
700,1484,RM,4438,Reg,CollgCr,TwnhsE,1Story,BrkFace,3,4,3,848,4,1,848,848,1,3,2,2,420,1,0,0,1,1,1,0,30
701,1497,RL,7024,Reg,Edwards,1Fam,1Story,None,2,4,1,1132,4,1,1132,1132,1,3,3,2,451,1,0,0,0,1,2,0,20
702,552,RL,8250,Reg,SawyerW,Duplex,2Story,None,2,0,0,0,2,1,964,1882,2,2,1,2,612,1,0,0,1,0,2,0,42
703,2,RH,11622,Reg,NAmes,1Fam,1Story,None,2,3,1,882,2,1,896,896,1,2,1,1,730,1,0,1,0,0,1,0,30
704,1855,RL,12000,Reg,Veenker,1Fam,1Story,BrkFace,3,4,1,2002,4,1,2362,2362,1,3,2,2,546,1,0,0,1,1,3,0,42
705,4,RL,11160,Reg,NAmes,1Fam,1Story,None,3,3,1,2110,4,1,2110,2110,1,4,3,2,522,1,0,0,1,1,3,0,35
706,2292,RL,11333,IR1,Mitchel,1Fam,SLvl,None,2,4,3,1029,2,1,1062,1062,1,2,2,2,539,1,0,0,1,1,1,0,30
707,134,RL,7800,Reg,NAmes,1Fam,1Story,BrkFace,2,3,1,1268,3,1,1268,1268,1,2,3,1,244,1,0,0,1,0,1,0,30
708,646,RL,10434,Reg,NAmes,1Fam,1Story,None,2,3,1,1005,2,1,1005,1005,1,1,1,2,672,1,0,0,1,0,1,0,20
709,42,RL,11520,Reg,NridgHt,1Fam,1Story,BrkFace,3,5,1,1698,4,1,1698,1698,1,4,3,3,730,1,0,0,1,0,2,0,45
710,532,FV,8736,IR1,Somerst,1Fam,1Story,None,3,4,1,1553,4,1,1553,1553,1,3,2,2,588,1,0,0,0,1,2,0,35
711,713,RM,4456,Reg,OldTown,2fmCon,2Story,None,2,3,1,736,3,1,736,1452,3,2,0,0,0,0,0,0,0,0,2,0,20
712,2561,RL,9600,Reg,NAmes,1Fam,1Story,Stone,2,3,1,1056,4,1,1216,1216,1,2,2,1,280,1,0,0,0,1,1,0,25
713,2360,RL,15870,IR1,NAmes,1Fam,1Story,None,2,3,2,1096,4,1,1096,1096,1,2,3,1,299,1,0,0,0,1,1,0,25
714,1333,RM,5000,Reg,BrkSide,1Fam,1.5Fin,None,2,3,1,672,4,1,832,1210,1,3,1,1,240,0,0,0,0,0,1,0,35
715,1407,RL,45600,IR2,ClearCr,1Fam,1.5Fin,None,2,3,1,907,2,1,1307,2358,1,2,1,2,360,1,0,0,1,0,3,0,48
716,2892,RL,26178,IR1,Timber,1Fam,2Story,BrkFace,3,4,4,1210,4,1,1238,2519,1,3,2,2,628,1,0,0,1,1,3,0,35
717,574,FV,2645,Reg,Somerst,Twnhs,2Story,BrkFace,3,4,1,970,4,1,983,1739,1,3,3,2,480,1,1,0,0,1,3,0,40
718,1227,RL,9600,Reg,NAmes,1Fam,SLvl,None,2,3,3,992,3,1,1661,1661,1,3,2,1,377,1,0,1,1,1,1,0,36
719,2591,RL,21299,Reg,NAmes,1Fam,1Story,None,3,3,1,929,4,1,2039,2039,1,2,1,3,791,1,0,0,1,1,2,0,35
720,1476,RL,8450,Reg,CollgCr,1Fam,1Story,BrkFace,3,4,2,1436,4,1,1436,1436,1,3,1,2,484,1,0,0,0,1,2,0,35
721,1125,FV,9375,Reg,Somerst,1Fam,2Story,BrkFace,3,5,1,1053,4,1,1053,1992,1,3,2,2,648,1,0,0,1,0,3,0,40
722,1446,RL,8385,Reg,CollgCr,1Fam,SLvl,BrkFace,3,4,3,985,2,1,985,985,1,2,1,1,328,1,0,0,0,0,2,0,40
723,408,RM,1680,Reg,BrDale,Twnhs,2Story,BrkFace,2,3,1,630,2,1,630,1302,1,2,1,1,264,1,0,0,0,0,3,0,35
724,1101,RL,14260,IR1,NoRidge,1Fam,2Story,BrkFace,3,4,3,1145,4,1,1145,2198,1,3,2,3,836,1,0,0,1,1,3,0,40
725,2251,RL,10000,Reg,Mitchel,1Fam,1Story,BrkFace,3,4,1,1441,4,1,1392,1392,1,3,3,3,650,1,0,0,1,0,2,0,25
726,373,RL,11900,Reg,NWAmes,1Fam,1Story,BrkFace,2,3,1,1386,2,1,1411,1411,1,2,3,2,544,1,0,0,1,0,2,0,35
727,2554,RL,9724,Reg,NAmes,1Fam,1Story,None,2,3,1,938,4,1,1043,1043,1,2,1,1,273,1,0,1,1,0,1,0,35
728,2382,RL,16163,Reg,NridgHt,1Fam,1Story,BrkFace,3,4,3,1618,4,1,1618,1618,1,3,3,3,880,1,0,0,1,0,2,0,40
729,1985,RM,5925,Reg,OldTown,1Fam,1.5Fin,None,2,2,1,570,3,0,761,1141,1,2,1,1,252,1,0,0,0,0,1,0,24
730,519,FV,8640,Reg,Somerst,1Fam,1Story,Stone,3,4,2,1300,4,1,1314,1314,1,3,2,2,552,1,0,0,0,1,2,0,40
731,1093,RL,10261,IR1,Gilbert,1Fam,2Story,BrkFace,2,4,1,936,4,1,962,1792,1,2,3,2,451,1,0,0,1,1,3,0,30
732,864,RL,12334,IR1,CollgCr,1Fam,2Story,BrkFace,3,4,3,1068,4,1,1068,2184,1,3,2,2,570,1,0,0,1,0,3,0,40
733,2889,RL,10530,Reg,Mitchel,Duplex,SFoyer,BrkFace,2,4,4,975,2,1,1004,1004,1,2,1,2,504,1,0,0,0,1,1,0,30
734,2308,RL,11765,IR1,NAmes,1Fam,1Story,Stone,2,3,2,1617,1,1,1797,1797,1,2,1,3,963,1,0,0,1,0,2,0,25
735,986,RL,14115,IR1,Mitchel,1Fam,1.5Fin,None,2,4,1,796,4,1,796,1362,1,2,1,2,480,1,0,1,0,1,2,0,25
736,1302,RM,9000,Reg,OldTown,1Fam,1.5Fin,None,2,3,1,904,4,1,904,1499,1,2,1,3,869,1,0,0,1,0,1,0,30
737,585,RL,12936,IR1,NWAmes,1Fam,2Story,None,2,3,1,723,2,1,735,1395,1,2,1,2,497,1,0,0,1,1,2,1,36
738,2708,RL,8414,Reg,Sawyer,1Fam,1Story,None,2,3,1,1059,2,1,1068,1068,1,2,2,1,264,1,0,1,0,1,1,0,48
739,147,RL,10725,IR1,NAmes,1Fam,1Story,BrkFace,2,3,1,1206,1,1,1206,1206,1,2,2,1,312,1,0,0,0,0,1,0,25
740,1441,RL,12803,IR1,CollgCr,1Fam,1Story,BrkFace,3,4,2,1494,4,1,1494,1494,1,3,2,2,530,1,0,0,1,1,2,0,35
741,383,RL,10304,IR1,NWAmes,1Fam,2Story,BrkFace,2,3,1,780,4,1,1088,1868,1,3,1,2,484,1,0,0,1,1,3,1,35
742,285,RL,8562,Reg,Edwards,1Fam,1Story,Stone,2,3,3,1216,4,1,1526,1526,1,2,1,1,364,1,0,0,1,0,1,0,30
743,181,RM,8239,Reg,OldTown,1Fam,1.5Fin,None,2,3,1,1008,2,1,1060,1245,1,2,1,1,315,1,0,0,0,0,1,0,30
744,358,RL,9765,IR2,Gilbert,1Fam,2Story,BrkFace,4,4,1,680,3,1,680,1470,1,2,3,2,420,1,0,0,1,0,3,0,48
745,780,RL,15584,Reg,ClearCr,1Fam,SLvl,BrkFace,2,3,2,825,4,1,2071,2071,1,2,1,1,336,1,0,0,1,1,2,0,25
746,258,RL,9337,IR1,CollgCr,1Fam,2Story,None,2,4,1,878,4,1,892,1692,1,2,2,2,513,1,0,0,1,0,3,0,35
747,1865,RL,8000,Reg,NWAmes,1Fam,2Story,BrkFace,2,3,1,1008,2,1,1403,2411,1,2,2,2,570,1,0,0,1,1,3,0,36
748,692,RM,3950,Reg,OldTown,1Fam,1.5Fin,None,2,3,1,818,2,1,818,1224,1,2,1,1,210,0,1,0,0,0,1,0,48
749,2902,RL,11443,Reg,Timber,1Fam,1Story,BrkFace,3,5,4,1868,4,1,2028,2028,1,3,2,3,880,1,0,0,1,1,2,0,40
750,508,RL,11194,IR1,Somerst,1Fam,1Story,Stone,3,4,2,1696,4,1,1696,1696,1,3,2,3,972,1,0,0,0,0,2,0,40
751,2638,RM,9600,Reg,OldTown,1Fam,1.5Fin,Stone,2,3,1,1212,3,1,1226,1668,1,2,1,1,240,1,1,0,0,1,1,0,30
752,36,RL,2280,Reg,NPkVill,Twnhs,2Story,None,2,4,1,855,1,1,855,1456,1,2,1,2,440,1,0,0,1,0,3,0,30
753,611,RL,12095,IR1,NAmes,1Fam,SLvl,BrkFace,2,3,4,1127,2,1,1445,1445,1,2,2,2,645,1,0,1,1,0,2,0,36
754,2281,RL,25286,Reg,Mitchel,1Fam,1Story,None,2,3,4,1064,3,1,1040,1040,1,2,1,2,648,1,0,0,0,1,1,0,20
755,1678,RM,2058,Reg,BrDale,Twnhs,2Story,BrkFace,2,3,1,672,4,1,672,1218,1,4,1,1,264,1,0,0,0,0,2,0,30
756,1696,RL,13891,Reg,NridgHt,1Fam,1Story,Stone,4,5,4,2552,4,1,2552,2552,1,4,3,3,932,1,0,0,1,1,2,0,45
757,1557,C (all),5150,Reg,IDOTRR,1Fam,1.5Fin,None,2,1,1,356,2,0,671,1049,1,2,1,1,195,0,0,0,0,0,1,0,28
758,2180,RL,7023,Reg,Edwards,1Fam,2Story,None,2,4,1,734,3,1,734,1408,1,2,3,2,489,1,0,0,0,1,3,0,25
759,1726,RL,6240,Reg,NridgHt,TwnhsE,1Story,BrkFace,3,4,1,1324,4,1,1324,1324,1,3,3,2,550,1,0,0,1,0,2,0,40
760,951,RL,9750,Reg,Mitchel,1Fam,SFoyer,None,2,3,3,902,4,1,926,926,1,2,1,1,351,1,0,1,1,1,1,0,36
761,267,RL,9375,Reg,CollgCr,1Fam,2Story,None,3,4,1,1040,4,1,1044,2098,1,3,3,2,621,1,0,0,1,0,3,0,35
762,2706,RL,11235,Reg,Sawyer,1Fam,1Story,BrkFace,2,3,1,1051,3,1,1382,1382,1,2,1,2,459,1,0,0,1,0,2,0,20
763,2221,RL,14442,Reg,Crawfor,1Fam,1Story,BrkFace,2,3,1,1477,4,1,1839,1839,1,3,3,2,416,1,0,0,1,1,2,0,42
764,1357,RM,8094,Reg,OldTown,2fmCon,2.5Unf,None,2,3,2,1242,3,1,1242,1984,1,2,0,1,360,1,1,1,0,0,2,0,48
765,2901,RL,13618,Reg,Timber,1Fam,1Story,Stone,3,5,3,1728,4,1,1960,1960,1,3,3,3,714,1,0,0,1,1,2,0,40
766,347,RL,8400,Reg,Gilbert,1Fam,SLvl,BrkFace,2,4,1,384,3,1,958,1628,1,2,3,2,390,1,0,0,1,0,3,0,35
767,2164,RL,8769,Reg,CollgCr,1Fam,1Story,None,3,4,3,1169,4,1,1190,1190,1,3,2,2,578,1,0,0,0,1,2,0,35
768,1586,RL,12244,Reg,Timber,1Fam,2Story,Stone,3,4,4,1482,4,1,1482,2262,1,3,3,3,749,1,0,0,1,1,3,0,40
769,360,RL,7250,Reg,Gilbert,1Fam,1Story,BrkFace,2,4,1,1181,4,1,1190,1190,1,3,1,2,430,1,0,0,1,0,2,0,30
770,1769,RL,9920,IR1,NoRidge,1Fam,2Story,None,3,4,3,1117,4,1,1127,2013,1,2,1,2,455,1,0,0,1,1,3,1,35
771,2617,RL,11650,Reg,NAmes,1Fam,1Story,BrkCmn,2,0,0,0,3,1,1472,1472,1,3,1,2,484,1,0,0,1,0,2,0,35
772,1879,RL,10624,IR1,NAmes,Duplex,1Story,BrkFace,2,3,1,1728,2,1,1728,1728,2,2,1,1,352,1,0,0,0,1,2,0,20
773,991,RL,12925,IR1,NAmes,1Fam,1Story,None,2,3,2,1205,4,1,2117,2117,1,2,3,2,550,1,0,0,1,0,3,0,42
774,1535,RL,9260,IR1,Crawfor,1Fam,1.5Fin,None,2,3,1,884,2,1,932,1374,1,2,1,1,225,1,1,0,0,0,1,0,20
775,1191,RL,9750,Reg,NWAmes,Duplex,1Story,None,2,3,1,1625,4,1,1625,1625,2,2,1,2,484,1,0,0,0,0,2,0,30
776,1579,RL,12018,IR1,Timber,1Fam,2Story,Stone,3,4,3,796,4,1,796,1612,1,3,3,3,666,1,0,0,0,0,3,0,35
777,1882,RL,12772,IR1,NAmes,1Fam,1Story,None,2,3,2,958,2,1,958,958,1,2,2,1,301,1,0,0,0,0,1,1,48
778,1510,RL,8172,Reg,Edwards,1Fam,1.5Fin,None,2,3,1,941,4,1,997,1470,1,2,1,1,548,1,0,0,0,0,2,0,24
779,2196,RL,10890,Reg,SWISU,Duplex,2Story,None,2,3,2,1296,1,0,1296,2592,2,2,0,0,0,1,0,0,0,2,2,0,30
780,1845,FV,2117,Reg,Somerst,TwnhsE,2Story,BrkFace,3,4,1,756,4,1,756,1512,1,3,1,2,440,1,0,0,1,0,3,0,30
781,2336,RL,15922,IR1,StoneBr,1Fam,2Story,BrkFace,3,5,3,1390,4,1,1390,2795,1,4,3,3,660,1,0,0,1,0,4,0,45
782,942,RM,6402,Reg,IDOTRR,1Fam,2Story,None,2,3,2,596,2,0,596,1192,1,2,1,1,189,0,0,1,0,0,1,0,25
783,861,RL,7200,Reg,CollgCr,1Fam,SFoyer,None,2,4,3,768,3,1,768,768,1,2,3,1,396,1,0,1,0,1,1,0,40
784,2555,RL,4712,IR1,BrkSide,1Fam,1.5Fin,None,2,3,1,747,2,1,774,1230,1,2,1,1,305,1,0,1,0,1,2,0,28
785,1392,RL,13284,Reg,Sawyer,1Fam,1Story,None,2,4,2,1383,2,1,1383,1383,1,2,1,1,354,1,0,1,1,1,1,0,25
786,2099,RL,9178,Reg,CollgCr,1Fam,1Story,Stone,3,4,3,1643,4,1,1651,1651,1,3,3,3,870,1,0,0,1,0,2,0,40
787,1543,RM,1879,Reg,Blueste,Twnhs,2Story,None,2,4,1,516,2,1,516,1032,1,2,1,2,462,1,0,1,1,0,1,1,36
788,948,RL,12822,IR1,Mitchel,1Fam,1.5Fin,None,3,5,1,1434,4,1,1518,2149,1,3,2,2,670,1,0,0,1,1,2,1,35
789,1239,RL,9840,Reg,NAmes,1Fam,1Story,None,2,3,1,1248,2,1,1440,1440,1,3,2,1,480,1,0,0,0,1,2,0,35
790,22,RL,10625,Reg,NWAmes,1Fam,SFoyer,BrkFace,2,4,4,1053,2,1,1173,1173,1,3,2,2,528,1,0,1,1,1,2,0,42
791,2796,RL,8125,Reg,CollgCr,1Fam,1Story,Stone,3,4,1,1654,4,1,1654,1654,1,3,1,3,900,1,0,0,0,1,2,0,35
792,2747,RL,11200,Reg,SawyerW,1Fam,1Story,BrkFace,3,4,1,1298,2,1,1298,1298,1,3,1,2,403,1,0,0,1,1,2,0,30
793,92,RL,13143,IR1,NoRidge,1Fam,2Story,BrkFace,3,4,1,1231,4,1,1251,2349,1,3,2,3,762,1,0,0,1,1,3,0,40
794,210,RL,15263,IR1,ClearCr,1Fam,1Story,BrkFace,2,4,1,1422,3,1,1675,1675,1,2,1,1,365,1,0,0,1,0,2,0,25
795,1858,RL,3840,IR1,Greens,TwnhsE,1Story,None,3,4,4,1057,2,1,1295,1295,1,3,3,2,571,1,0,0,1,1,1,0,48
796,2228,RM,3907,IR1,Blueste,TwnhsE,1Story,None,2,4,4,1004,3,1,1020,1020,1,2,1,2,509,1,0,0,0,1,1,0,40
797,447,RL,9541,IR1,NridgHt,1Fam,1Story,Stone,3,4,1,1502,4,1,1502,1502,1,3,2,2,644,1,0,0,0,0,2,0,35
798,827,RL,8814,Reg,CollgCr,1Fam,1Story,Stone,3,4,1,1604,4,1,1604,1604,1,3,2,2,660,1,0,0,1,1,3,0,35
799,1649,RL,11339,IR1,NWAmes,1Fam,2Story,BrkFace,2,4,1,780,2,1,1085,1930,1,3,3,2,481,1,0,0,1,1,3,0,35
800,682,RL,7560,Reg,NAmes,1Fam,1Story,None,2,3,1,1029,2,1,1339,1339,1,2,1,1,294,1,0,1,0,0,1,0,30
801,2698,RM,7200,Reg,IDOTRR,1Fam,1Story,None,2,3,1,984,2,1,984,984,1,2,1,1,308,0,0,0,0,0,1,0,36
802,494,RL,7848,IR1,Gilbert,1Fam,SLvl,None,2,3,1,384,4,1,774,1430,1,2,3,2,410,1,0,0,1,0,3,0,42
803,214,C (all),6449,IR1,SWISU,1Fam,2Story,None,2,3,1,707,2,0,942,1884,1,2,0,0,0,0,0,0,0,0,2,0,4
804,2441,RL,12104,IR1,Gilbert,1Fam,2Story,None,3,4,1,1035,3,1,1082,2322,1,3,2,3,617,1,0,0,0,0,4,0,35
805,2679,RM,6120,Reg,BrkSide,1Fam,1Story,None,2,3,1,768,2,0,1015,1015,1,2,1,1,450,1,0,1,0,0,1,0,35
806,1336,RM,6000,Reg,BrkSide,1Fam,1Story,None,2,3,1,949,4,1,949,949,1,2,1,2,370,1,0,0,1,0,1,0,35
807,465,RL,10928,Reg,Gilbert,1Fam,2Story,None,3,4,1,728,4,1,728,1456,1,3,3,2,390,1,0,0,1,0,3,0,35
808,1524,RL,8969,Reg,Crawfor,1Fam,2Story,None,2,3,1,644,4,1,672,1316,1,2,1,1,369,0,0,1,1,1,1,0,36
809,2543,RL,9100,Reg,NAmes,1Fam,1Story,None,2,3,1,864,2,1,864,864,1,2,1,2,624,1,0,0,0,1,1,0,25
810,631,RL,8760,Reg,NAmes,1Fam,1Story,BrkFace,3,3,1,1169,2,1,1144,1144,1,2,2,1,286,1,0,0,0,1,1,0,35
811,2452,RL,10236,IR1,NoRidge,1Fam,2Story,BrkFace,3,4,4,1290,4,1,1305,2494,1,3,3,3,803,1,0,1,1,1,3,0,40
812,228,RL,11616,IR1,Sawyer,1Fam,2Story,BrkCmn,2,3,2,672,2,1,672,1386,1,2,3,2,440,1,0,1,1,0,3,1,30
813,126,RL,13260,IR1,NAmes,Duplex,1Story,BrkFace,2,3,1,1728,2,1,1728,1728,2,2,0,0,0,1,0,0,0,2,2,0,30
814,1092,RL,7301,IR1,NridgHt,TwnhsE,1Story,Stone,3,4,1,1350,4,1,1358,1358,1,3,2,2,484,1,0,0,1,1,2,0,42
815,1122,FV,8640,Reg,Somerst,1Fam,1Story,None,3,5,1,1372,4,1,1372,1372,1,3,3,2,529,1,0,0,0,0,2,0,35
816,932,RL,17500,Reg,Crawfor,1Fam,1Story,Stone,2,3,3,1310,4,1,1906,1906,1,2,1,2,576,1,0,0,1,1,2,0,30
817,1980,RM,10800,Reg,OldTown,1Fam,1Story,None,2,2,1,641,3,1,1047,1047,1,2,1,1,273,0,1,0,0,0,1,0,28
818,2171,RL,10921,Reg,Edwards,1Fam,1Story,BrkFace,2,3,1,960,2,1,960,960,1,2,3,1,432,0,0,0,0,1,1,0,20
819,551,RL,10274,IR1,SawyerW,1Fam,2Story,BrkFace,2,4,1,676,2,1,698,1400,1,2,2,2,465,1,0,0,0,0,3,1,42
820,2768,RL,12000,Reg,ClearCr,1Fam,1Story,None,2,4,1,1388,3,1,1388,1388,1,2,2,2,522,1,0,0,1,1,2,0,30
821,2056,RL,7094,IR1,Sawyer,1Fam,1Story,None,2,3,1,894,2,1,894,894,1,2,2,1,384,1,0,1,0,0,1,0,25
822,1159,RL,11025,Reg,NoRidge,1Fam,1.5Fin,BrkFace,3,4,4,1848,4,1,1827,2786,1,3,3,2,636,1,0,0,1,1,3,0,45
823,2645,RM,7745,Reg,OldTown,2fmCon,1.5Fin,None,3,3,1,938,3,0,1084,1951,2,1,1,2,576,0,1,0,0,0,2,0,24
824,1174,FV,2160,Reg,Somerst,Twnhs,SLvl,BrkFace,3,4,1,672,4,1,684,1404,1,3,1,2,462,1,1,0,0,1,3,0,35
825,2266,RL,13758,IR1,Timber,1Fam,1.5Fin,BrkFace,3,4,2,1156,4,1,1187,1717,1,3,2,2,400,1,0,0,1,0,3,1,35
826,2462,FV,13162,Reg,Somerst,1Fam,2Story,None,3,5,1,2036,4,1,2036,2640,1,4,2,3,792,1,0,0,1,1,4,0,45
827,1219,RL,11332,IR1,NAmes,1Fam,1Story,None,2,3,1,1118,4,1,1118,1118,1,3,2,1,264,1,0,1,0,1,1,0,35
828,2922,RL,12640,IR1,Mitchel,Duplex,1Story,None,2,3,4,1728,2,1,1728,1728,2,2,1,2,574,1,0,0,0,0,2,0,30
829,118,RL,9600,Reg,NAmes,1Fam,1Story,BrkFace,2,3,1,1232,2,1,1232,1232,1,2,2,2,490,1,0,0,0,1,2,0,25
830,474,RL,3182,Reg,Blmngtn,TwnhsE,1Story,BrkFace,3,4,1,1145,4,1,1145,1145,1,3,3,2,397,1,0,0,1,0,2,0,35
831,2576,RL,11600,Reg,NAmes,1Fam,1Story,BrkFace,2,3,1,1383,2,1,1383,1383,1,2,2,1,292,1,0,0,0,0,2,0,30
832,872,RL,12782,Reg,CollgCr,1Fam,1Story,BrkFace,3,5,4,1822,4,1,1828,1828,1,3,3,2,523,1,0,0,1,1,2,0,40
833,1077,RL,6240,Reg,NridgHt,TwnhsE,1Story,BrkFace,3,4,1,1342,4,1,1342,1342,1,3,2,2,550,1,0,0,1,0,2,0,40
834,1536,RL,7801,IR1,Crawfor,1Fam,1Story,BrkFace,2,3,1,1091,1,0,1091,1091,1,2,3,1,344,1,0,1,1,1,1,0,30
835,1150,RL,9100,Reg,Sawyer,1Fam,1Story,None,2,3,1,984,2,1,984,984,1,2,2,1,384,1,0,1,1,1,1,0,25
836,2341,RL,11302,IR1,StoneBr,1Fam,1Story,BrkFace,3,4,4,1814,4,1,1826,1826,1,3,3,3,758,1,0,0,1,1,2,0,40
837,1931,RL,11556,Reg,NAmes,1Fam,1Story,None,2,3,1,864,3,1,1154,1154,1,4,1,1,336,1,0,0,0,0,2,0,45
838,2785,RL,9920,IR1,CollgCr,1Fam,1Story,None,2,4,4,971,2,1,971,971,1,2,1,1,300,1,0,0,1,0,2,0,30
839,2538,RL,9759,IR1,NAmes,1Fam,1Story,None,2,3,1,1051,2,1,1051,1051,1,2,2,1,264,1,0,0,0,1,1,0,25
840,597,RL,9600,Reg,NWAmes,1Fam,2Story,BrkFace,2,3,1,1165,3,1,1165,2061,1,2,2,2,498,1,0,0,1,1,3,0,35
841,464,RL,2268,Reg,NridgHt,Twnhs,2Story,Stone,3,4,1,764,4,1,764,1626,1,3,2,2,474,1,0,0,0,0,2,0,35
842,233,RL,23595,Reg,ClearCr,1Fam,1Story,None,3,4,4,1332,2,1,1332,1524,1,3,3,2,586,1,0,0,1,2,1,0,42
843,2169,RL,9825,Reg,Edwards,1Fam,SFoyer,BrkFace,2,4,4,936,3,1,936,936,1,2,1,1,384,1,0,0,1,1,1,0,25
844,2123,RL,10021,IR1,CollgCr,1Fam,2Story,None,2,4,1,635,4,1,646,1308,1,3,2,2,497,1,0,0,0,1,3,0,36
845,1867,RL,11700,Reg,NWAmes,1Fam,1Story,BrkFace,2,4,1,1295,1,1,1295,1295,1,2,3,2,528,1,0,0,0,1,2,0,30
846,137,RL,19900,Reg,NAmes,1Fam,1Story,BrkFace,2,4,4,1947,2,1,2207,2207,1,2,2,2,576,1,0,0,1,1,2,0,35
847,515,FV,8640,Reg,Somerst,1Fam,2Story,None,2,4,1,900,4,1,932,1852,1,3,2,2,644,1,0,0,1,1,3,0,35
848,933,RM,1733,Reg,Blueste,Twnhs,2Story,None,2,3,1,516,2,1,516,1032,1,2,1,2,452,1,0,1,1,0,1,0,36
849,2784,RL,10385,IR1,CollgCr,1Fam,SLvl,BrkFace,2,3,3,995,2,1,1282,1282,1,2,1,3,672,1,0,0,0,1,2,1,36
850,972,RM,4500,Reg,Mitchel,TwnhsE,1Story,BrkFace,2,5,1,1204,4,1,1204,1204,1,2,3,2,412,1,0,0,0,1,2,0,30
851,599,RL,9790,Reg,NWAmes,1Fam,1Story,None,2,3,1,1372,2,1,1342,1342,1,2,1,2,457,1,0,0,1,0,2,0,30
852,2614,RL,7332,Reg,NAmes,1Fam,1Story,BrkFace,2,3,1,864,4,1,864,864,1,3,1,1,288,1,0,0,0,1,1,0,36
853,2582,RL,7032,IR1,NAmes,Duplex,SFoyer,None,2,4,4,943,2,1,943,943,1,2,1,2,600,1,0,0,1,1,1,0,25
854,1409,RL,21780,Reg,Edwards,1Fam,1.5Fin,None,2,4,2,1163,4,1,1163,1674,1,2,3,2,396,0,0,0,1,0,2,0,42
855,175,RM,5790,Reg,OldTown,1Fam,2Story,None,3,2,1,840,3,0,840,1605,2,2,1,1,379,1,0,0,0,0,2,0,18
856,352,RL,7380,IR1,StoneBr,1Fam,1Story,None,2,4,3,1418,4,1,1478,1478,1,2,3,2,495,1,0,0,0,1,2,0,40
857,976,RM,1526,Reg,MeadowV,Twnhs,SFoyer,None,2,4,3,630,2,1,630,630,1,3,1,1,286,1,0,0,0,1,1,0,32
858,2134,RL,11317,Reg,CollgCr,1Fam,2Story,BrkFace,3,4,1,840,4,1,840,1668,1,3,2,2,500,1,0,0,0,0,3,0,35
859,984,RL,8780,IR1,Mitchel,1Fam,1Story,None,2,3,1,833,4,1,833,833,1,2,0,0,0,1,0,1,0,1,1,0,25
860,2396,RL,12378,IR1,NridgHt,1Fam,1Story,None,3,5,4,1896,4,1,1944,1944,1,4,3,3,708,1,0,0,1,1,2,0,45
861,1673,RH,4058,Reg,NAmes,TwnhsE,SFoyer,BrkFace,2,4,3,723,4,1,767,767,1,2,3,1,367,1,0,0,0,1,1,0,35
862,404,RM,2368,Reg,BrDale,TwnhsE,2Story,None,2,3,1,765,2,1,765,1365,1,2,1,2,440,1,0,0,0,0,2,0,30
863,607,RL,9350,Reg,NAmes,1Fam,1Story,BrkFace,2,3,1,1313,2,1,1313,1313,1,3,2,2,610,1,0,1,1,1,2,0,30
864,814,RL,7040,Reg,SawyerW,Duplex,SFoyer,BrkFace,2,4,3,1094,2,1,1229,1229,2,3,1,2,672,1,0,0,1,2,2,0,25
865,868,RL,8749,Reg,CollgCr,1Fam,2Story,None,3,4,1,840,4,1,840,1725,1,3,2,2,550,1,0,0,0,0,3,0,35
866,2271,RL,7777,IR1,Timber,1Fam,1Story,BrkFace,3,5,1,1491,4,1,1491,1491,1,2,3,2,571,1,0,0,1,0,2,0,30
867,1633,RL,5062,IR1,StoneBr,TwnhsE,2Story,None,3,4,2,1190,3,1,1190,2090,1,3,3,2,577,1,0,0,1,1,2,1,35
868,337,RL,7700,Reg,Mitchel,Duplex,2Story,None,2,3,1,1216,3,1,1216,2432,2,2,1,2,616,1,0,0,0,0,6,0,10
869,2765,RL,36500,IR1,ClearCr,1Fam,1Story,BrkCmn,2,3,3,1624,1,1,1582,1582,1,2,1,2,390,0,0,0,0,1,2,0,25
870,1746,RL,14572,IR3,Gilbert,1Fam,1Story,None,3,4,3,1530,4,1,1530,1530,1,3,3,3,630,1,0,0,1,1,2,0,35
871,368,RL,11844,IR1,StoneBr,1Fam,1Story,Stone,3,5,2,2046,4,1,2046,2046,1,3,3,3,834,1,0,0,1,0,3,0,40
872,2806,RL,8810,Reg,CollgCr,1Fam,1Story,None,3,4,1,1390,4,1,1390,1390,1,3,2,2,545,1,0,0,0,1,2,0,35
873,1662,RL,8000,Reg,NWAmes,1Fam,2Story,None,2,3,1,1084,2,1,1084,1877,1,2,1,2,488,1,0,0,1,1,3,0,36
874,1234,RL,14670,Reg,NAmes,1Fam,2Story,BrkFace,3,3,1,1104,4,1,1104,1988,1,3,2,2,480,1,0,1,1,0,3,0,42
875,1373,RL,8250,Reg,Sawyer,1Fam,1Story,None,2,3,1,952,4,1,1211,1211,1,2,1,1,322,1,0,0,1,0,1,0,25
876,1672,RL,9000,Reg,NAmes,1Fam,1Story,None,2,3,1,864,2,1,864,864,1,2,1,2,528,1,0,1,0,0,1,0,24
877,1939,RL,8400,Reg,NAmes,1Fam,1Story,None,2,3,1,923,2,1,925,925,1,2,1,1,390,1,0,1,1,1,1,0,25
